intensity_1,intensity_2,separation,true_mass_ratio
0.6976679273364147,0.6866727250995918,72.56031973468694,0.01430026939013575
0.93712402801132,0.6138315576785013,57.245087125446844,0.03193350633504031
0.969359591633663,0.6176418593977735,49.20365840057018,0.013646072304406297
0.8951854946999445,0.7420592788473512,27.294688127912362,0.054392025116117224
1.3587230952584894,0.7865663182603808,28.460498941515414,0.009061851500467233
0.9361111877339451,0.8672357670097742,47.853944456021594,0.008218858910867564
0.7605944020893455,0.749118797817196,143.09786860746738,0.013514005359796315
1.106715329126459,0.7191706694038835,44.64302857109943,0.03154123257380891
0.7041363224971466,0.6387903270508195,191.5097908724251,0.00863282127720381
0.7294169053393258,0.7146280448643139,124.32618388738553,0.004637889760190138
1.1466899177605514,0.6745150395384776,97.75479527879949,0.016262571045734312
0.9108732663313894,0.7704929066826397,106.28264204469139,0.02317307333207732
1.21638116242111,0.6212735248547975,100.60318086422517,0.0067388916282932814
0.7574501704748435,0.7354055277756983,22.80350850198276,0.15250298728959047
0.9579042193400279,0.8869792456329042,18.027756377319946,0.0038747576154997345
1.1009716861541965,0.6700048756737944,52.15361924162119,0.03192615959928029
1.491436818091467,0.6542443614070672,56.08029957123981,0.009745889975010361
1.0132530240454765,0.5833464714971655,59.36328831862332,0.029130083842352668
0.6663412329474364,0.6412070624310604,113.00442469213318,0.008893241416142702
0.7908235401145536,0.7742639791619577,104.20172743289815,0.017826499627805942
1.108292043260157,0.6472768490431849,80.7093550959243,0.005771699824112101
0.9071503871465141,0.7157423398750391,131.59027319676784,0.01976869853211828
1.0566873170343676,0.8428048467333799,54.08326913195984,0.004393994506001323
1.297850047785235,0.6008642451548879,77.83315488916018,0.0031310986213738726
0.7421646260040725,0.651265360538614,138.61096637712328,0.029782168026719444
1.1604133098149185,0.5899049749077286,113.1591799192624,0.013399780513734753
1.2181260541116086,0.7899963501170427,58.309518948453004,0.01082619051714692
0.8349736043549872,0.7500385598403234,27.80287754891569,0.0861633226954583
0.9416441279631993,0.6585882452615668,57.14017850864661,0.012956570120517902
0.8198587133772798,0.7234342362519678,66.48308055437865,0.022015771535983587
0.8563065602891364,0.5837846398287306,58.69412236331676,0.0637875136803478
1.143620308443239,0.6912556486452831,98.29038610159185,0.015983309280302397
1.2345276009882853,0.7376799840112805,90.82400563727631,0.009147376622943054
1.0340495288186853,0.6589352477220695,121.82364302548172,0.007324068262716104
0.9195031437893192,0.6461880933557939,62.625873247404705,0.018401197725798225
1.7985078350537642,0.6792893462576775,48.82622246293481,0.012936115191907802
0.6867584208643897,0.6728539424154684,180.2720166858961,0.016047713555416045
1.561413166576035,1.1014900851827365,83.38465086573187,0.027094345248716283
0.9268671543733815,0.5779685203807079,123.0447073221762,0.06899242771694382
1.081263431398435,0.6733476790933969,125.7179382586272,0.05270984535385406
1.1809714140463115,0.8618856589941732,72.47068372797375,0.012041370309930549
0.949466624708675,0.6941355901504798,78.5175139698144,0.015850749606736308
1.1179927332626767,0.699757646133006,91.96738552334735,0.014325640707388001
0.898685402639883,0.577691994631644,80.65358020571685,0.04199863855797977
0.7614672113731722,0.5430992524581009,75.23961722390672,0.004213360122832621
0.8971892143163025,0.6032533030607782,144.62710672622887,0.004974274789124216
0.9752189618158746,0.7265696320261328,49.25444142409901,0.0449242406226643
0.9101666121752062,0.7643952562075251,123.0690862889621,0.003771922686398103
0.818269816773397,0.6089990432912643,54.70831746635972,0.004788594463107071
1.1129633615498837,0.6694801203012329,29.0,0.011824632124230293
0.7860336890895304,0.7383447507417856,63.34824385884742,0.03282255104114944
0.872139800787978,0.4953692283642904,49.193495504995376,0.03038934135975604
1.1078538625816015,0.6424860775154255,85.27602242131137,0.01086591714122216
1.0951203324545085,0.8290306535728276,49.040799340956916,0.01464221645004947
1.0197091064116937,0.72702264661325,97.94896630388705,0.010982375728925386
0.8874607045685925,0.6461214799543953,64.38167441127949,0.026528065067850843
0.9460259723456205,0.885687291495656,141.8731828077456,0.005309549135453113
0.9812790383992345,0.4625863313890506,49.4064773081425,0.04936276996617171
0.9684051561105287,0.7007856349988973,110.44002897500525,0.019637147940310164
1.0805738773571456,0.8276319953354979,90.0,0.005512370763872878
1.3752478424223384,0.5122130302822244,33.0,0.015437288456228973
0.9296047030193949,0.6301071789844548,110.05907504608605,0.013091152780584177
1.1758367936539877,0.6818367378560257,46.22769732530488,0.017369440378283096
1.4028294724785422,0.5387317976141175,64.93843238021688,0.008391932054173101
1.9823372600966636,0.7488819634228532,75.16648189186454,0.007860811894916475
0.8615848389562082,0.6826364606550293,126.77933585565118,0.02940039265225861
1.1148574829590658,0.7300870572104154,70.60453243241541,0.0250454644563413
1.2087575262546206,0.6261733850741267,100.4987562112089,0.011739954296502202
0.9384566220269136,0.7253026675053894,76.8505042273634,0.021030255261687607
0.9254149930911524,0.7295463804908549,69.33974329343886,0.014524462779760099
0.8742856867550464,0.8383958941181393,72.3671196055225,0.032193747743497966
0.9522629975264438,0.801138784107804,28.160255680657446,0.007753303843131001
0.9969661907053795,0.6907604805956953,45.48626166217664,0.014514303455817362
0.8860990484279316,0.6538135201172016,124.03628501370073,0.012132581997156226
1.0227991322736978,0.7165397528616895,102.47438704378767,0.011786444239936689
0.7763472366307159,0.7526801828459551,104.29285689825551,0.03766316755796449
1.2301063274337063,0.7490109688766182,68.3593446428504,0.039719396673796606
1.1164846445133652,0.6950262807472596,104.31682510506155,0.04645208816198403
1.6362774794396628,0.951486286929567,24.73863375370596,0.008002417031470407
0.9548722677609233,0.693720059267954,72.91776189653656,0.012056415988025492
1.4152912633335437,0.7720008773157008,56.586217403180434,0.0037765649513704937
1.600416453427961,1.3884063876934676,53.41348144429457,0.08825781200987397
0.9278045624638768,0.6864740911298458,35.77708763999664,0.00867405249556225
1.5124081610893263,0.7871237114905587,73.97972695272672,0.0035978342646404413
0.863024676956176,0.6531485220188947,31.064449134018133,0.034551754343350206
1.2001909146419127,0.756102322770031,70.61161377563892,0.020232903331199172
1.1244005707181164,0.682179793455756,60.53924347066124,0.0834957128691444
0.8815570410318951,0.8727807208085664,78.31347265956222,0.04176605056260891
1.1985371587714662,0.7810705931374915,72.80109889280519,0.027952621154079656
0.9735633515776992,0.5492076997252273,135.07405376311175,0.025278158430755125
1.0611088722226978,0.7319192018034963,75.27283706623525,0.03909381226816059
1.4254216230579957,0.587119071250216,108.30050784737807,0.011111734596806427
1.256392957136373,0.7658923684524781,50.20956084253277,0.010169287405787075
1.6391316481849545,0.7428742426364132,88.95504482602435,0.016038487178862235
1.4476429351517448,0.5998226124795454,56.08029957123981,0.01636441554608325
0.9698188386735712,0.7687243558572164,35.11409973215888,0.010078141155494571
1.1508122539597132,0.6426248280512854,68.42514157822401,0.03201735856107507
1.4631975920370666,0.6628396423474403,80.95677859203639,0.008929514722944978
1.1531478728350049,0.5558554965888707,43.41658669218482,0.0066112056824825585
1.50770474777767,0.6315783913042513,101.51354589413178,0.010520691797880342
0.9183799479843349,0.8518465479019958,61.465437442517235,0.006705872053383439
1.1537910089627568,0.8207964132159573,43.86342439892262,0.009553029117367282
1.5544170933197352,0.4905648114832919,125.78155667664477,0.009900713503520831
1.180132583915722,0.704524329240161,88.3911760301898,0.007271930849763286
0.9552877317579096,0.7346645402639868,115.96551211459379,0.01347705947185468
0.8196682119121722,0.7414299166052025,55.78530272392541,0.0227697922361117
0.7880351807937321,0.5185311139282536,93.23089616645332,0.007107108883108916
1.5451595666316709,0.8032422981759002,137.05838172107534,0.012605866495632329
0.9563696427081873,0.6876066309948815,83.09632964216891,0.015899264533592777
1.6885207735318992,0.6298340150297647,64.28063471995279,0.026569472796046188
1.7283149542860152,0.6378637871611623,54.45181356024793,0.015157094192069603
1.2378368497348182,0.6948276635295589,122.494897852931,0.004045190871552458
1.084141543598401,0.7041682291752204,124.84390253432484,0.016656824174595592
1.2052867141326158,0.6494083449653771,89.10667763978185,0.045332151371505765
1.1670872203234923,0.8005983573673574,54.67174773134658,0.012376578332967366
0.9618206352477527,0.6576383031141785,89.45389874119518,0.004487258193487458
1.4289310139584772,0.5991354646341333,91.80958555619343,0.004904691613774182
0.7671869210185427,0.7460785454093103,103.58088626768937,0.04609674701701354
1.0456930351073659,0.9459918300008691,30.886890422961002,0.014062088770488793
0.7778442021472884,0.6258052032560014,99.35793878699377,0.019486374959114976
0.757582381656881,0.7153595868522736,36.89173349139343,0.10070017778468397
1.493120436925295,0.7337986194388032,56.71860364994893,0.003143540206619773
1.7651914081538975,0.7443634512080981,99.02019995940222,0.005432014665495716
1.2507362004062625,0.8763383464855798,28.0178514522438,0.027862014610816842
1.3999494900659641,0.7559807142698098,53.36665625650534,0.014195092746634955
1.4449214113850026,0.7093457731414927,105.60303025955268,0.0060130692872596625
0.9506030930575654,0.7298401879311112,102.30347012687302,0.016797868295493183
0.8495238202596694,0.553793196936896,88.32326986700618,0.020072330667977523
0.8083662020734961,0.6905802438652129,77.12976079309465,0.007528271126737139
1.1546137365638118,0.7937550839599358,28.635642126552707,0.030381909697179372
1.4265657187216014,0.8340860656945737,53.36665625650534,0.017244227459034454
1.6043617837853366,0.5153848608428361,95.58765610684259,0.0056092931363613645
0.9304359696052652,0.8270478927874318,62.64982043070834,0.033580004032246875
1.8721134472082734,0.6273359539680071,106.23088063270491,0.012805554759619467
1.3580497305433814,0.785853359059125,62.433965115151864,0.018691669085500927
0.8148904964029954,0.7209741355858412,133.30416347586447,0.02473129440949309
1.1064699268760068,0.8136833638701892,87.46427842267951,0.0060070873283678316
0.9949416711988488,0.6861609781026095,43.104524124504614,0.04179185961147504
1.8856792655030905,0.6780307037396645,146.102703602637,0.08925872776980096
0.897324137527973,0.6893266208545857,91.35097153287424,0.06688755094689063
0.9969722005097871,0.5187592168816842,114.9086593777858,0.0032836297116731962
1.1660607833555594,0.6349545706227788,53.2634959423431,0.018424579911318423
1.394027194137701,0.9988043914579778,52.20153254455275,0.43534275180150656
1.6781718305066486,0.8778073619393644,109.83624174196785,0.07076167715664257
0.9843394783180253,0.728466623605126,36.71511950137164,0.007337289708351999
1.3097206796397842,0.6858738187246325,72.56031973468694,0.008852384941235431
1.0202627123211692,0.6730042310684292,92.57429448826494,0.005398000825717924
0.9434114993774104,0.5584065425601725,33.95585369269929,0.0071850346372236825
0.8293618676923324,0.5990017086065356,54.70831746635972,0.06289694329084179
1.9811113697236706,0.5884131926621091,80.77747210701756,0.009799911744074786
1.2839079386850256,0.6644019979095164,137.43725841270262,0.01199534535583966
1.0133603696081366,0.7815356168739265,28.792360097775937,0.016978941449906308
1.7053328850923983,1.087383362360929,111.28791488746656,0.16321923164068863
1.609718967246664,1.0515215209054962,67.4166151627327,0.046371026827456585
1.0336765877037548,0.5515604174642886,102.95630140987001,0.016416513837087327
1.3463327524086257,0.7926989109916651,32.01562118716424,0.007556355120096935
1.5390310770332143,0.7988367240719763,129.46814279968643,0.014125793665261841
0.7152473053291699,0.6802761553136412,106.30145812734649,0.01972349015518928
1.9636053981430135,0.4961716150383333,99.29753269845128,0.005242523783759046
1.0290529758841402,0.7037760207460652,97.52948272189288,0.018679500553159912
0.8636407422847432,0.6597690196905283,92.69843580125827,0.03321720116787372
0.9706188750865352,0.8975205179601617,72.00694410957877,0.06421555888172567
2.0383038996323615,0.601608493623607,114.58621208504974,0.029823998020253838
1.2403456287188077,0.7189649028914609,96.56603957913983,0.003314160274613488
1.0624858743803125,0.8875682833558848,76.32168761236873,0.03952757285772245
1.1016699939238002,0.775360894094187,31.144823004794873,0.04480849703008183
1.4710243722746592,0.6701746697237527,81.15417426109393,0.03281008594326378
1.1258076730338726,1.0231972748064537,23.194827009486403,0.022402447677301422
1.9614648126074834,0.6508398475730796,102.39628899525607,0.01650541493333006
1.23559292739274,0.8164512191794324,38.18376618407357,0.11946667417316205
1.0560949732201184,0.8700985106312786,26.476404589747453,0.08553984882513309
1.9915181002493252,0.667130460700375,50.695167422546305,0.007173697235412481
1.552672394519784,0.651258198977274,104.04326023342406,0.08160940729022875
1.9210937877875303,0.9016028764387342,41.10960958218893,0.015549807797849362
1.0456711697075056,0.6099520700208874,64.88451279003334,0.012325026301952473
1.1953371828917774,0.7686570491262024,49.33558553417604,0.056543416421626164
1.7712381564361692,0.6040204477509958,86.20904824900923,0.009251673674975359
1.2787645929575242,0.5741158879524013,114.40279716860073,0.020273029328154262
1.4401060524090261,0.625726134913596,86.09297300012354,0.003976375043073359
1.45664528395695,0.7585324227277009,48.76474136094644,0.016090925995930212
1.3233912951470976,0.5735671057644184,120.6731121667126,0.003713080111801683
0.8375491682589208,0.739942267112638,25.80697580112788,0.032853319357884644
1.1738041458944508,0.6809790377577909,41.593268686170845,0.007622797836360109
1.5176130802208063,0.806123752830685,40.45985664828782,0.008368175767324805
1.3540206654228872,0.5306794334145335,58.309518948453004,0.007894079964569934
1.3518540371021472,0.8282864285429816,113.99122773266372,0.09153272043550609
1.6374063199942905,0.6128286835857086,130.92364186807515,0.04425363393453159
0.9792130308666579,0.6546351550790861,41.14608122288197,0.036769384331829684
0.7526399957304504,0.7247878990901828,106.38138934982942,0.04858995428385571
1.0685004523428703,0.9158138411098128,40.24922359499622,0.008802096957872967
1.7790768994876682,0.606113832620245,50.91168824543142,0.010202777055382067
1.348635233265708,0.8299844498133857,29.427877939124322,0.012079890949755442
1.328194285784481,0.9409090258510838,83.48652585896721,0.03367101674903167
0.8638049350116982,0.7782323526808698,34.20526275297414,0.02902812722445129
1.2590326028375274,0.45204588239984084,86.64871608973787,0.008824350431222558
2.2304234555856746,0.6181290145191399,69.26037828369117,0.03361497666264852
0.8002946685007972,0.7226309824165041,108.4665847162157,0.02067170075851722
1.2338486715407355,0.8749823608067675,54.3323108288245,0.009584285062947904
1.8824473794482712,0.7248806700757463,100.72239075796404,0.006558111962107378
1.1046339237975678,0.6023082975926702,37.16180835212409,0.010663913797811566
1.0132010860669247,0.8477956022947073,114.97825881443848,0.09414281386685218
1.279291065808795,0.7738647856643319,106.5269918846862,0.009734604975237034
1.0043117056755135,0.66282696118117,41.182520563948,0.009372999863028574
0.8613193425553857,0.8015202759889566,35.17101079013795,0.021481894180118408
1.1268210986339622,0.8197463489126154,26.40075756488817,0.017938407097506655
1.0855456841942723,0.9921370303633132,52.80151512977634,0.026558249477134085
1.305411961742077,0.8436571147810938,47.16990566028302,0.019427671177813043
1.7241761210402957,0.5486267958203837,100.7670581092849,0.011456474006484502
1.4442146033233851,0.6918666529647548,51.478150704935004,0.050376111835696166
1.5691056906648058,0.5214785988187762,84.30895563343196,0.00643042895892278
1.420904230529318,0.7202926906322675,113.37107214805724,0.0019142383416195336
1.497253186742239,0.9291105598846997,56.92099788303083,0.06186475371131716
1.1839209711886216,0.7233416504377606,36.05551275463989,0.01768646351126366
1.2605607576863949,0.7053644727111156,67.80117993073571,0.03588689736717242
1.098602984660795,0.6668983858191501,140.18559127100045,0.019694012350285544
1.576476310905824,0.6521734565691806,118.9663818059539,0.06819960372198698
1.6370596583134598,0.5506910219176174,91.30169768410661,0.01313540218720561
1.0201067721234212,0.8010345971148359,90.60353193998566,0.005960541324955762
1.61562524240902,0.6290489247665739,73.76313442364011,0.015867760867602526
1.238412639204506,1.0921330752926042,81.30190649671138,0.21396611072230495
1.2923474250930986,0.5828978609402716,88.52683209061533,0.01548536077767858
1.684664230070883,0.6862866405944371,120.50726119201282,0.02761089911968013
1.4760902061597596,0.7396523706751109,95.77577981932593,0.004777831837987237
1.1171397836995587,0.7438595061760854,74.33034373659252,0.13248511321909426
2.029903823161779,0.6823112040954163,73.00684899377592,0.005908998862643256
1.7872576257843822,0.7411689114694615,120.41594578792295,0.013616996532813019
0.7779329653921252,0.5646247410817092,111.66467659918243,0.09415026361183844
1.430454147754832,0.5915601537644346,110.9414259868693,0.020934804276753843
1.7913899178188935,0.7464199580033551,51.97114584074513,0.03233301514611329
1.591226309285798,0.7360334981618022,60.74537019394976,0.003945178115944967
1.4335132547699172,0.5895274399042572,82.73451516749222,0.011359731831709132
0.9734873340911143,0.8024015506757479,79.17701686727027,0.032041234652352174
0.830714288242035,0.6325258460711732,38.27531841800928,0.006381826770556166
1.1095451768565052,0.7849982098234086,71.40028011149536,0.06271306386014058
1.0747709171343744,0.8498030145227684,49.76946855251722,0.009176414656337303
0.9760220901798815,0.8263805229859248,35.17101079013795,0.043782810609731354
1.064774993613697,0.6548363686181248,127.20062892926276,0.0073453727320796445
1.3959623999160555,0.7741626136563426,37.33630940518894,0.013910160903788675
1.1760580335518909,0.6157856149343652,37.16180835212409,0.024647759756459532
0.948813298194398,0.6452353870253708,70.83078426785913,0.01846052985246912
1.1065991932558994,0.7157625975310252,95.88013350011565,0.013218638752593336
1.2521615399159223,0.7478884539708655,76.10519036176179,0.058261841360651476
1.6464486307275084,0.672743100471781,114.23659658795863,0.028009384243083163
1.242836835553863,0.710799428174922,94.13288479590966,0.036961515887180586
1.3607831686405443,0.592587861430462,135.07405376311175,0.06261365804836307
1.2456365719053748,0.6222142223394072,57.271284253105414,0.012633403561248502
1.5736971620656988,0.726801972450649,93.40770846134703,0.07726772281549817
1.4748070822552604,1.2944734911393843,86.6083136886985,0.013973352034353816
1.2452024165969673,0.757278659891715,35.608987629529715,0.11036272827084993
1.1529294962835688,0.949046538965812,31.78049716414141,0.02053783479372597
1.2750316938523882,0.6374767212046841,66.03029607687671,0.015882991564320482
1.7756283016248708,0.5755076080368668,111.4136436887332,0.017101123993322424
1.6028096692059552,0.6423073844950945,89.58794561770016,0.011312678161264876
1.2704701761574555,1.1708589444600486,37.48332962798263,0.007905558201568975
2.0675603578314514,0.6575255512675027,58.9406481131655,0.0037780997811527298
1.4182709078998275,0.6055263263544046,99.60923651951158,0.007359557096084389
1.720895989719287,0.44382170520768066,110.25878649794764,0.009222543872562374
1.3964314944406726,0.4558718417950249,45.221676218380054,0.011348003383738495
1.2093527576058016,0.6315039218154804,55.90169943749474,0.00506170745124628
2.4045183514184014,0.5168715444651184,80.06247560499239,0.00756792403362891
1.0310833002900917,0.6153434522224742,37.0,0.016931133592645798
1.6368534333733848,0.6698078392271415,59.80802621722272,0.029396614778532323
1.33064247078733,0.7455338075793536,29.427877939124322,0.013598918611981432
1.6562332087716465,0.5873718674082815,105.3612832116238,0.01595511291005111
0.9373355762283041,0.9053311365814013,53.71219600798314,0.011246556198689422
1.7118481419745453,0.7516977892742733,101.41498903022176,0.028639979289102703
0.7033887639436427,0.6203123007640459,25.495097567963924,0.024792986176257956
1.191165181058425,0.7833816236611825,90.4267659490264,0.005633300947422529
0.9977730466730994,0.7622056819980841,27.85677655436824,0.024924724100604288
1.2973707954990328,0.8786207690857082,82.85529554590944,0.015497685065145988
2.223529338500033,0.6306719881651666,44.94441010848846,0.007330746458786212
1.6279609051132813,0.8567452071734547,47.53945729601885,0.018988885457682632
1.864299897761414,0.5836641560693444,67.23094525588644,0.0032636491875987278
1.093920777161852,0.9713214440755257,87.36131867136622,0.04946723340517244
1.244515217126135,0.7936603625760291,95.77577981932593,0.02141858269073902
1.6459389596319798,0.6445160028866684,89.89438247187641,0.00939811292066243
1.3046979696920844,0.4839888583196246,86.05230967266364,0.014663805732681856
0.7904193414308299,0.5946194735115063,147.02720836634285,0.02966996316373764
0.7384038506389745,0.7330372735805838,36.40054944640259,0.012402420473098832
1.6182021371581075,0.6507517769579623,146.81961721786362,0.05408524487836585
2.035967382229919,0.6690913959774072,77.78174593052023,0.014409602011430832
1.2819066597543065,1.0669026884313368,33.54101966249684,0.1265206036702188
1.2977405827701751,0.7745893585610799,47.70744176750625,0.013692219843646096
0.972588646252297,0.8598523018554166,87.09190547921202,0.02277068644250617
1.0474267945809377,0.8237877669321976,44.28317965096906,0.05590568466070327
1.0235179043583513,0.7393048555935025,31.304951684997057,0.1551667605984087
1.6043759718672668,0.6094953243719239,50.00999900019995,0.007520576131288502
1.2243053227185408,0.9093500861219358,50.92150822589606,0.010550489543678475
1.9618170450681551,0.7243873678020986,38.3275357934736,0.08982841749363495
1.020679195938256,0.8109450441011599,45.65084884205331,0.023084349343114544
1.362460337840183,0.652522291668275,62.00806399170998,0.026481950314128783
1.5946272746555428,0.6671986925297914,51.07837115648854,0.012197556792048326
1.7546212687808715,0.635441006649653,47.29693436154187,0.013773886820907947
1.2861884328985178,0.7160346463182685,102.95630140987001,0.020670534168706237
0.9878567306340602,0.680894336093788,76.48529270389177,0.020314603630737355
1.0815004735168394,0.6108015641787417,30.23243291566195,0.013049330364908514
1.32307853013233,0.8030971487965414,40.52159917870962,0.020923128488754543
1.785745675844687,0.536602556969606,100.46392387319938,0.009403882405475935
1.538623320262034,0.6252277148546195,109.59014554237986,0.056653063525203926
1.0468998112623082,0.7675123456686835,32.449961479175904,0.008467314447031951
2.2390646730170607,0.5698921416776459,76.32168761236873,0.013428948497272126
1.311637249800789,1.0332186403083072,25.298221281347036,0.017773526646336395
1.419125234113907,0.7351373124395918,114.85643212288984,0.019048155481660414
1.4279849798520352,0.8363378140015036,41.6293165929973,0.0179487142983602
0.9988662315131007,0.7542670448953785,42.95346318982906,0.026989243346061068
1.1176480169260448,0.49445956637803457,90.80198235721508,0.018113886897765278
1.654725160508524,0.7170202987518821,55.47071299343465,0.056855971169354015
1.104812212353249,0.6739864975812623,96.33794683301072,0.008474714184074179
2.3742482438152845,0.5850116386678099,91.21403400793103,0.01412509277214565
1.4063676510466105,0.6674696311933916,82.85529554590944,0.009614462208823735
2.0202989687815247,0.7962798717064914,36.89173349139343,0.017537101207758914
2.1426504739575543,0.680846966609628,121.70866854912184,0.11473179729147957
2.2577406041732995,0.7327832828650714,86.28441342444185,0.010488426390876398
1.5109539349864085,0.7370325412352772,56.08029957123981,0.024447825288747792
1.4324935399989374,0.6778857831244129,55.036351623268054,0.005962553715049046
0.8555420318055487,0.8412967752640815,38.07886552931954,0.028382710867437353
1.3025137996326852,0.6641165251471445,45.617978911828175,0.0843497692480286
1.7098579005446068,0.5813976240503325,96.33275663033837,0.01095482373959415
2.941957724078068,0.8900873136452788,50.53711507397311,0.026718465713919934
1.6148347709229844,0.5864898192723552,63.15853069855251,0.007605346670363847
1.3273864320994382,0.778773285767882,71.06335201775947,0.0063129600752616566
1.2895423127815047,0.7665773690827163,30.805843601498726,0.0115223974577808
1.7729081289115551,0.6953611752306845,33.24154027718932,0.005150892128625526
1.7174388834594159,0.6879440889176284,56.08029957123981,0.004030641443609274
1.9621658755282838,0.5512622508933792,77.20103626247513,0.011392710267784338
1.8664017688160066,0.5592017997256529,85.70297544426332,0.01000762501517367
1.3606151108230464,0.6442400048811671,114.0175425099138,0.023950237079044107
1.0894711831974593,0.9735951877035155,23.194827009486403,0.06909621552074058
0.7892644804400294,0.7328866920408591,21.633307652783937,0.01631608944238388
1.408221516859699,0.6599469434265199,115.20850663036997,0.07481250840635083
1.3569877946510318,0.5953384557070751,67.4166151627327,0.009328622106619474
1.7091829824404339,0.6306979086698097,133.73481222179961,0.014944488906004607
2.0829060363405922,0.6996136810676924,117.51595636338071,0.006651403396393951
1.636218092269665,0.6549076429914069,77.82673062643708,0.017888116283895326
0.9844390870823946,0.6182392866498942,56.4003546088143,0.03466955634952231
1.7026115336671606,0.7666826258779713,78.587530817554,0.02749853889620735
1.7483702716076976,0.5041277774768449,51.97114584074513,0.0036257286254966557
0.9593665813757442,0.9568361961978478,28.861739379323623,0.005243410308795168
2.2627669588994035,1.08595013541311,52.630789467763066,0.1137803448945899
1.4042585450490084,0.6148918352062228,75.76938695805846,0.01771384381483356
1.905831953904237,0.6483620441542857,69.12307863514182,0.028855216313509267
1.5453921189764817,0.6835171329649617,47.29693436154187,0.2515210123085007
1.3123997700827292,0.7797396290551812,44.41846462902562,0.018967947956438108
2.036394112358127,0.4860928961980529,89.49301648732151,0.018914578582444608
1.1550375937534179,0.6259038354929679,42.44997055358225,0.023157788225420882
2.4589159420367683,0.7365047793678329,58.52349955359813,0.032063511093279304
2.262473217250353,0.8827725314921665,46.61544808322666,0.017084832109265997
1.5057053534649156,0.8519746909504202,65.92419889539804,0.0287122315854086
2.2539357878181683,0.5945402755306723,41.677331968349414,0.016101656212738676
0.957021683240596,0.8751983073211734,94.15412895885129,0.016059872755112847
1.6098185405350038,0.8202533845166953,130.59862173851607,0.09207268070680391
1.4097699380280586,0.7086832451199812,46.09772228646444,0.0105567691803425
1.8432103414326872,0.6435241362662124,108.2266141020775,0.01122396675208124
1.8445222434705957,0.5532188245664975,86.00581375697809,0.007237671643962045
2.3494982434713196,0.5307068156560013,66.61080993352356,0.00521217992401645
1.225692734973194,0.5646434340894516,84.21995013059554,0.006979922871953692
1.213476905846326,0.8259345036209575,56.938563381947034,0.025195429178272197
2.2011268053247157,0.7673001184016268,109.78615577567146,0.009726021482435353
1.5412147450919944,0.8682623653366528,26.476404589747453,0.01557741795174987
1.2857870362839934,0.9465506258569774,46.69047011971501,0.053571432913687406
1.144567581111003,0.8780414722760611,104.63746938836012,0.010002894863735616
1.9818579173389719,0.619697078677541,39.92492955535426,0.018701452718511664
1.932739591255141,0.6114777593747294,107.78682665335315,0.04156368497833091
1.1902350185429065,0.4896087839512784,73.40980860893181,0.009198883074905136
1.6247821911638154,0.6946377218112391,86.02325267042627,0.01686208795137295
2.0339902642778247,0.7193050952728919,46.04345773288535,0.010016103391762511
1.5526559818894352,0.6314942304327248,110.90987332063814,0.01750032965543096
1.6604292752625611,0.6536054465606282,138.59292911256333,0.01748611313023733
1.2215352233190646,0.6447008129494515,52.009614495783374,0.02992387142427778
1.4967274924242222,0.5635824064840208,92.13034245024816,0.011418343975841109
1.5139298559282615,0.5436057473056006,37.16180835212409,0.004900501627477044
1.5405475682184675,0.6180154339871321,138.10503249338888,0.05076488254504017
1.9486189769908868,0.8682055527392623,133.4541119636259,0.02970105497665189
1.671645036332643,0.6189966681554252,60.30754513325841,0.004997169274929816
1.6694304108259168,0.8354196920069299,78.54934754662193,0.011690112368797976
1.3584518854285181,0.6305886876213591,76.16429609731846,0.0049003322044436845
1.7747013896908823,0.6816488207086175,71.02112361825881,0.007059384768772183
1.2247380267859063,0.8543991461479103,34.828149534535996,0.024555806101980836
1.920695998978231,0.4632457393276689,101.82828683622247,0.015533788358182405
2.0853295106391188,0.8862379864159693,31.240998703626616,0.00979744933218333
0.9658369625061012,0.889058398871484,63.812224534175265,0.21643302415265947
2.0716306077885203,0.6675734972492988,44.94441010848846,0.010321431398040452
2.071286995660581,0.7005889831604508,39.319206502675,0.138028905086668
1.5708305232984583,0.49481143530523003,92.84934033152847,0.015544036774083662
1.2431532415015318,0.9177518053935366,73.16419889536138,0.02314758637404503
1.4669300240826135,0.6125985207895963,127.6401190848708,0.013798042131831343
1.6427995469174839,0.6574301594763019,74.24284477308234,0.039077144829127886
1.2612571667128876,0.7973516668284739,87.47571091451616,0.050414674273918304
0.849859732202953,0.6461051723273713,90.62008607367353,0.025429785173719098
2.135522295326554,0.6405900630772468,97.06183596038146,0.020037986424109318
1.9464281050490206,0.53237505744249,90.00555538409837,0.04712480554086529
1.6707060866732024,0.5985698273017047,104.70912090166739,0.006115081858527046
1.2437705441980262,0.5989241861964358,131.60927019021113,0.03066919843215793
1.7614149909576238,0.6240457228272586,77.6659513557904,0.008981069879447204
1.8883829897176485,0.5714394947227294,108.33743581975715,0.0069693411310061985
1.6443655727283673,0.7245273519063536,85.28774824088158,0.012563738748457164
1.3737567656838336,1.3544325131075023,31.304951684997057,0.12395146636002313
2.0196247866494375,0.7037693940630728,55.44366510251645,0.016286237118834767
1.741166387351034,0.7260648898253669,58.240879114244144,0.047247112748792425
1.9947751269703278,0.5108991088700992,138.6001443000692,0.02131219890361462
1.2901896342965182,0.8968400348565622,33.52610922848042,0.017980465465349142
1.762413061157983,0.5205177377702768,65.36818798161687,0.021013052980123483
1.288678701465742,0.7636404333246012,42.80186911806539,0.009004510571759675
1.577892467679459,0.526589439470394,76.02631123499285,0.24348421494718123
1.2136743464972752,0.6939228441561369,108.15729286552988,0.05902509834435616
1.5323154295148318,0.6273024489229126,77.64663547121665,0.028308893651877186
1.7326320007278342,1.0682690953321394,39.824615503479755,0.023749893133992606
1.9013343153563862,0.7037662889417177,105.20931517693668,0.009456844960696894
1.4537190498956898,0.6068582015280584,94.5568612000208,0.01969198102283036
0.8425359284421554,0.7983773441324032,71.55417527999327,0.010225794136749278
1.1724580420229611,0.6601038217918195,123.1665539016173,0.007555370341297842
1.7105240262535821,0.753283385528889,49.47726750741192,0.013272901135459024
1.1789329008619969,0.6497760370070311,100.34440691936945,0.007913959249215454
1.4810639518979707,0.6855270857288105,51.10772935672255,0.043003466654856444
1.0525323752808726,0.8045360920279407,27.202941017470888,0.013979634720405842
1.162065295252745,0.6155621410219796,48.54894437575342,0.0224803096595379
1.7543995449467114,0.7615537363137406,55.94640292279746,0.06844050213932125
2.236704888793297,0.592612226480401,55.072679252057455,0.010833324789559106
1.566953531373117,0.6745963272484008,65.00769185258002,0.010513067456291951
1.5021975861535972,0.6014277161396492,68.96375859826666,0.035217866138655914
1.6298998100637216,0.5213846413832988,61.68468205316454,0.02993876325970524
1.4117882019407844,0.6406317710003286,98.18350166906862,0.011179610728790066
1.0826089244562058,0.6358388576047802,121.69634341261039,0.005128872481009169
1.302261489353143,0.5806886725419127,59.20304046246274,0.010890724084136062
1.257368207644909,0.6761321159187161,95.1892851112981,0.038509644788735975
1.8525242745829673,0.7436495367020398,94.92101980067429,0.055043082499868785
1.1497819787285168,0.8061588277632707,57.982756057296896,0.040380211121965486
1.3629531362095506,0.6407627060669127,113.17243480636087,0.03480352202653776
2.452370949840724,0.4956984626532686,79.60527620704548,0.03447529599292631
1.2050856434632244,0.6347139170897352,81.05553651663777,0.012527501098889471
1.6456164649947485,0.6722579974770725,78.29431652425353,0.025716608678293257
1.5729443707512218,0.7967663707857277,92.44457799135652,0.06159089119764407
1.4055631864249571,0.8731650244944262,69.92138442565336,0.04870521794557077
1.434612168181675,0.605248885511956,46.87216658103186,0.0282870923357214
0.9418652708507493,0.9247301809473694,19.1049731745428,0.008534445398283965
1.5101112594105361,0.5085892346871591,81.39410298049853,0.010057862409058156
1.4943489747317997,0.5281153470141321,97.83659846908007,0.030050098752129176
1.47814485059343,0.7296263628954232,79.30952023559341,0.015424010121493957
0.7512619617863111,0.6182906353348276,98.812954616285,0.02964291320157393
1.4948368431529002,0.5773505806231476,115.97413504743201,0.006977811349701064
1.8463792140868864,0.5523404515815621,73.68174807915459,0.004586847558237521
1.287919167272,0.5910807902187791,85.09406559801923,0.009691522239018629
1.3302678356220476,0.6167457776801704,117.29023829799307,0.01225286170167738
1.6249084516223664,0.7307018809650593,46.22769732530488,0.0037040506776459758
1.141692177057869,1.1412639670549143,7.0710678118654755,0.016830618469724706
1.738703819706301,1.0509522083706113,108.06016842481785,0.07451398631682135
1.7651684605166373,0.5591316674671613,58.82176467941097,0.02390570542870305
1.1622974761224156,0.5849013474227092,93.72299611087985,0.02408899183613924
1.4495984547170053,0.5538151415892656,98.3107318658548,0.018656339057818
2.2209456011381334,0.47954244530047846,78.77182237323191,0.01335113397374477
1.4624244837279148,0.6980548214880249,97.98469268207153,0.006334451980892509
1.819305014848598,0.5045599667909301,61.61168720299745,0.005254688904383612
1.7167088516122626,0.6836364048200877,119.07980517283357,0.013538474290371078
2.066834239072484,0.6914023749361178,55.10898293381942,0.012013725450912182
1.8770447899396716,0.6833003121235293,78.10249675906654,0.003930352645460719
2.344328768042394,0.5437675579398652,94.72592042308166,0.011373904168627028
1.1656624496920385,0.5946985124585795,74.94664769020693,0.010821022726474347
1.3122489852444919,0.6723878805705172,94.2443632266673,0.036533059983188135
2.0805407901891675,0.565462200369822,55.226805085936306,0.028019698466257813
1.6623324999183737,0.617842084246344,74.09453421137081,0.049393126559575125
1.9534552549087572,1.1905249842288934,86.31338250816034,0.19358077033398863
1.930270606202329,0.6613934905809703,118.68024266911489,0.008785968074380533
1.704101510246275,0.7664763277560298,46.389654018972806,0.00469997233640263
1.3122222415052884,0.8232929565841731,117.41379816699569,0.016604665904996103
2.3449428809873285,0.5386091092437381,49.24428900898052,0.006365433651329706
1.2261444114220843,0.6772457664420464,40.36087214122113,0.01988526217775976
1.5179286160290029,0.7210523647479319,93.2148056909416,0.018990156882191727
1.7843713607630645,0.585056102779464,50.28916384272063,0.004114459485364544
1.4452405404617545,0.8900174295155857,60.108235708594876,0.3604065014250413
1.116460186206627,0.7111628489941628,50.80354318352215,0.01488385796495678
1.6502418001953254,0.5217039784779973,95.46203433826454,0.02055279268379377
1.5863878030594964,0.45507014760544845,109.34349546269316,0.008929207483164189
0.9884866954989546,0.6765181534627364,89.27485648266257,0.054235045211128964
1.9623738528790122,0.5604722629079216,92.20086767487604,0.02661120884544958
1.4308276735522927,0.5954882951150282,116.51609330903607,0.022213620068805326
1.4530171023591765,0.6045178197597522,39.05124837953327,0.02359072146210298
1.3983905025063108,1.2509636913351518,88.52683209061533,0.06376393464630474
1.4691499297304829,0.71052011460671,39.11521443121589,0.02027338181535988
2.307756239072385,0.555927667705664,73.10950690573696,0.008986451077752802
1.5029106081514212,0.6260827327595482,73.24616030891995,0.013960961551973641
1.152476350474274,0.833852876326121,46.14108798023731,0.009812964672867786
1.5602976262757278,0.7246472711299672,63.071388124885914,0.015280283694882714
0.5788227960905721,0.5518054602384559,142.2708684165525,0.007571273279595349
1.6226755429409616,0.6579687703240045,46.22769732530488,0.0176466955433521
1.8937200339186846,0.9307390860397348,53.907327887774215,0.006687555612048123
1.2434053390586444,1.00015191490666,92.76313923105448,0.22060271565565776
1.5749589639519246,0.6214471910879541,108.4665847162157,0.014984002066177443
1.0835803936286603,0.4699919126978886,99.9599919967984,0.017193008689872225
0.8263784215761223,0.6768210784870665,75.7099729229908,0.008736291900333634
1.0498707781150896,0.5984834343363905,62.68173577685928,0.015843698734113815
0.8471427345285681,0.7862020377859242,62.64982043070834,0.011817895198371502
2.1531947716418305,1.5906831317835848,48.703182647543684,0.15283524373403867
2.7308757058561035,0.6195494447391967,50.96076922496363,0.06228746344629754
1.1826184130718302,0.7201678741498461,33.28663395418648,0.028040963868213222
1.5719432392161188,0.5735941393209341,38.27531841800928,0.01296090426230601
1.1100977225723068,0.9883802461214078,110.60289327137876,0.027936314458636605
2.4129829900038544,0.6778032466267293,84.77027781009096,0.011071240284771376
1.2367804854816555,0.5518478890283866,43.93176527297759,0.006736307704973744
1.4902694835953618,0.4930629308156321,71.28113354878694,0.010082959323150788
1.9273241150423814,0.6023152270281682,121.65936051122412,0.027291673369071064
1.3600950169858912,0.5341886741327876,70.8590149522275,0.008239628101256589
1.812864491778341,0.6022689340526014,60.63827174318213,0.028632413122982127
1.912240523147052,0.6063179158320209,118.79393923933998,0.025071095908684254
1.5135680038479613,0.6208149060243444,49.64876634922564,0.007908689889053066
1.4776194615913614,0.49953020819200966,67.00746227100382,0.030963690234266435
1.4782538634357079,0.5931940602082584,77.07788269017254,0.08431392371123121
2.295934233841151,0.6723513371724521,91.80958555619343,0.01845049743810425
1.1807439989547925,0.7007349487253869,45.967379738244816,0.015029183401208734
0.9363813620771434,0.8145237722837076,32.55764119219941,0.01600806157812403
2.011585773249236,0.5550910635916638,83.81527307120105,0.04058192671834321
1.6378772839906237,0.7714056322162196,53.53503525729669,0.03469492541749995
1.4220385208634878,0.8754793193545898,41.593268686170845,0.026918546303747643
1.1024104859283816,0.8021484510066843,58.077534382926416,0.05896167555852546
1.8056286535717323,0.7714338405984562,75.53806987208503,0.00717956142956445
1.4453386150271217,0.8639493717027582,37.57658845611187,0.009765579537846162
1.198085963288904,0.7449629908673964,50.635955604688654,0.008067821717377245
0.714711628944925,0.6832166545324709,104.1393297462587,0.03809150728829574
2.3185784305707333,0.6716936373227425,45.45327270945405,0.006443235856850961
2.0802109159004303,0.5557319664878765,63.953107821277925,0.024191836821721543
1.9057374474920952,0.5871984833192563,47.01063709417264,0.006339501381031952
1.0817389226470258,0.7205071967066706,59.135437767890075,0.07715835909069385
1.217405047266051,0.8496758926419187,99.80981915623332,0.03444054352249154
1.7817458525122412,0.6572975519933107,33.0,0.02749695043853853
1.3550466591967565,0.49494839012287767,96.21330469326995,0.03236338249764425
0.9706590942441625,0.6114820925781717,107.64757312638311,0.02502421188410648
1.1094310360799748,0.8451460255042533,25.0,0.033137068259186796
2.2653154659502217,0.856673103315912,96.83491106000976,0.013822572471199819
2.3687327712645447,0.5800650017593717,128.8875478857442,0.02665983352707928
1.4274585314073713,0.9781441843368635,63.702433234531945,0.07861407601978093
1.5786370213335001,0.8280221916639725,46.04345773288535,0.006329542743369615
1.6976165386681186,0.8089798958892775,89.0,0.02427668638922735
1.6478474928764046,0.5658309558215104,133.00375934536586,0.019354950459987405
1.4680610600406059,0.7769529963765834,67.62396025078685,0.03846945897783396
1.4710429408391796,1.0133948462791067,27.0,0.00833571427161921
1.2064815692851574,0.7601772984326275,56.60388679233962,0.0681251464472802
1.5199591904361416,0.7033857330631931,128.22246293064254,0.007387126294540733
1.3879541454162694,0.8073291341619071,35.17101079013795,0.01000991364190153
2.127185700920642,1.0536640235101222,57.8013840664737,0.05048407559373683
0.8262736997336027,0.7814944314812877,21.400934559032695,0.06249178547026492
2.1980854711357347,0.5216335615557522,102.7277956543408,0.014117206187250934
1.7816441707126236,0.542452775453285,87.23531395025755,0.01251120031073448
1.6648210289436496,0.5872052140888167,60.00833275470999,0.020478540125639703
1.69861503921885,0.8417035104464725,87.09190547921202,0.07468458380389857
2.9241709744947277,0.8976600725510216,57.0087712549569,0.06443184075485667
1.186470518758107,0.6540177504327973,35.014282800023196,0.018556885330013324
1.7043820412838486,0.6638650669675961,87.92041856133307,0.007412537373623146
1.8843127845861465,0.5138711166392356,102.15674231297707,0.17087581664501383
1.4860095137600746,1.133879444088195,99.60923651951158,0.1022777239651682
1.687568745307774,0.7417450893489856,94.40338976964757,0.06755434766637386
1.9156075402080728,0.764364910947664,117.06835610018618,0.020538222846504785
1.6569617435490485,1.0849673452675663,130.29965464267354,0.18345428951714
1.2126371593432292,0.6206430540245728,110.35397591387454,0.034154670005763034
1.711276716590171,0.7845270551042252,98.03060746521976,0.16516182530968077
1.9597838662689149,0.5601812296632934,141.42842712835352,0.013726793357349637
2.227365224185792,0.5048908370598463,150.6950563223625,0.006039696945574009
1.3068914526299342,0.8459903942992807,96.76776322722355,0.08122420643290071
2.4244133181299996,0.4889011547899875,78.10249675906654,0.006242862434415139
1.805748410875244,0.6264239797997722,49.33558553417604,0.008261708307133688
1.726803249802379,0.679531360092597,47.29693436154187,0.016205923135555227
1.5967067529830083,1.499771646916928,71.61005515987263,0.02709158165014384
1.8584703205879503,0.7341313449969896,124.27791436936813,0.006279112605751054
1.6794347509084369,0.6780665693199064,81.74350127074322,0.006369111790605801
1.621144482637892,0.7372676686956944,38.27531841800928,0.011742874386203757
1.3654098844890028,0.5682286047081035,58.05170109479997,0.029972657658741332
1.5192454790641794,0.5070781986823797,52.20153254455275,0.0280173394332032
1.5042070285920492,0.5338480585465992,122.80065146407001,0.019648775850905062
1.2987627799539485,0.6846769121903235,104.86181383134664,0.007262502292107804
1.981146400874594,0.9331354560807392,81.54140052758476,0.07860141817130795
1.8003461225469797,0.6057438341320925,70.60453243241541,0.008439170479506503
1.6650662402686298,0.7035663118096878,95.38343671728336,0.002559626169533223
2.0304442941953535,1.2612309008379678,78.26237921249263,0.12414506393307741
2.5459369132303933,0.7864066962444938,53.665631459994955,0.05553334916820681
1.9362823716007114,0.680779694033618,74.00675644831355,0.016012832567460663
1.2668350606477827,1.0323149281346673,23.021728866442675,0.03489369315341543
0.9575729797663328,0.7821913224109378,87.98295289429652,0.09293129047763873
1.6002129911212055,0.7277156218263002,69.77822009767804,0.005937945900777366
1.869298099811006,0.5648279291896213,102.9271587094485,0.008104251571458176
1.2666666649389673,0.5564281136172484,94.42986815621421,0.030447119498056084
1.2809759478717206,0.6435468850485584,84.77027781009096,0.03542377276411373
1.4876306190277564,0.703002034221163,98.2344135219425,0.028970558217591758
1.5277791596412185,0.5095663656463085,50.99019513592785,0.11453403592220951
1.3740402691101057,0.8564924607026373,42.95346318982906,0.06492374896754509
1.1042925079600103,0.7545148169876299,51.419840528729765,0.02160714730071493
2.349805092157601,0.5525797138141976,60.207972893961475,0.02479276952427814
1.629044956939909,0.8649157564368222,94.847245611035,0.019773631200357113
1.657928309380127,0.9674734926143156,32.31098884280702,0.01401823374308267
1.7174085892187685,0.6257094666568471,42.95346318982906,0.03171546288622366
2.3651052078581367,0.661558909528702,100.60318086422517,0.03612530411609674
1.3109144943866888,0.8116554005598638,45.0,0.036646444790743186
1.7324530148131192,0.5780281367824626,97.30878685915265,0.01944191534778362
1.52181388929292,0.7227330489560705,52.172789842982326,0.017586439416116158
1.4416814682968566,0.7946389694777943,91.2414379544733,0.017067747922768575
1.4069901114063348,0.6631158519417554,25.495097567963924,0.03489208830546985
1.5051372962898315,0.5899902571191066,51.31276644267,0.021260591887134153
2.015241110113811,0.7641009147598948,57.584720195551874,0.022857398902582
2.114834466173896,0.6306893706459296,53.0,0.003356449192917496
2.064627152946845,0.752987575731173,36.76955262170047,0.009958973269742204
1.202585406654203,1.1112886926942716,30.870698080866262,0.04379117586121005
1.8180301593115014,0.7175591413712187,120.50726119201282,0.01877668899045985
1.981135410421525,0.9584908650988728,41.340053217188775,0.007946757048116681
1.4088732908946318,0.7975505053568054,73.53910524340094,0.04033010302750434
1.7918010562978952,0.7659708223534339,29.614185789921695,0.02289733844863879
1.77558088574181,0.6346654052131722,93.30058949438637,0.009194734267147179
1.5372339235949637,0.7503525728854692,59.81638571495272,0.02054375788357226
2.224651550879603,0.8989498803059057,50.08991914547278,0.022832570039873237
1.1757812757755597,0.9610187054297742,23.769728648009426,0.011590467542305813
1.9993377940896013,0.6769837480894949,59.30430001273095,0.0071633921150848915
1.2943780047005027,0.6574885281234093,81.32035415564789,0.007201836111983213
1.3639900031703045,0.9802771908769983,31.304951684997057,0.04271703609594546
1.6307303951409657,0.7555088908264174,93.64827814754524,0.013108574543560002
2.0028338916401576,0.8324369299859948,36.6742416417845,0.021585268060534544
2.1677548946620044,0.7575480115755348,78.08969202141856,0.010290063879159182
1.465491641642018,0.7652480975814087,58.137767414994535,0.011396704284689056
1.1574142993154428,0.5791089834969004,81.88406438373708,0.023750302858546343
2.1939511882057765,0.6414019657805512,90.37698822156003,0.06224329186041823
1.4686592059156691,0.5913299641043189,80.8084154033477,0.030725256350322066
1.4138832089055358,0.664716121628612,30.066592756745816,0.007653379476393433
1.4477619293355137,0.5145439406659484,83.86298349093002,0.010987869976710057
1.9639620412638443,0.49458990198936925,116.82465493208187,0.006388031369527422
1.248575050655387,0.7747552425006179,62.12889826803627,0.06441606529065017
2.013474698182682,0.5958865392231035,77.4919350642375,0.008932345566222886
2.3876109322295367,0.580716336927132,91.80958555619343,0.01604836976115558
1.2641782436675788,1.0673328729874936,59.81638571495272,0.10245812046658534
1.580738252205531,0.5950701254789881,107.20541031123382,0.054967674425446644
1.8664539752097935,0.6099451722807925,47.4236228055175,0.011115089875187147
1.7349919232162674,0.6889548772429799,72.18032973047436,0.025227214513474934
2.0060371464971705,0.7557309460429368,30.01666203960727,0.0064181606928217965
2.0011944195881486,0.5109458361862012,108.33743581975715,0.019668539753008245
1.6278707924170528,0.6897448782096393,136.4734406395618,0.025874815701284234
1.8693753816203456,0.5726398014876137,133.06013678032951,0.011938766578788364
1.2504959998009746,1.0782731431684376,39.0,0.03225392169275223
1.5966009677062662,0.7748609118592942,65.0,0.01223784829048066
0.9687986641964094,0.8237151447591792,50.21951811795888,0.006854870224859073
1.725851197958598,0.8077221026360536,35.17101079013795,0.022628844939025863
1.2067699628813258,0.7468160181904913,53.23532661682466,0.03390403950718253
1.3379136344303255,1.1011589269815487,32.7566787083184,0.01847530927308347
1.9429083742771835,0.6477632834209621,104.21612159354233,0.01369188131583524
2.009787594909211,0.7780852662189298,79.40403012442127,0.006766613985844522
2.3004903976582476,0.6855308023825578,76.6550715869472,0.017825540169809976
2.3372346811012608,0.47581420175269334,89.1403387922662,0.009397039920747623
2.3941620699491613,0.6057213059533294,46.57252408878007,0.010125527821111634
1.746720598049607,0.6459700697485873,119.01680553602503,0.013555166627394054
1.635954457669437,0.8062721933607555,98.88377015466189,0.006402323778576488
1.3850039863378016,0.9509404319057948,52.49761899362675,0.015705828807333372
1.6237258074545469,0.6209704116000769,62.96824596572466,0.06915485780081243
1.6172137156659,0.6774682283458584,117.61377470347595,0.026251081292964558
1.5012527322334264,0.5546416632596034,113.56936206565572,0.014435235307027146
1.7818030252220407,0.8003232737361112,69.72087205421343,0.06206720928263361
2.0297765067946143,1.0644592319182036,55.0,0.07334323982679325
2.009422966007063,0.5369581103737112,66.52818951391959,0.015141796000716452
1.7597367642467197,0.5713947769908374,111.12605455067681,0.016287711575755662
1.6626782029110314,0.620667274094817,101.39033484509261,0.03421287561009839
1.858125246652823,0.851455195805757,73.37574531137656,0.030348226966641814
1.0351332082512468,0.9170673635635457,76.05918747922567,0.07597044641805324
1.6376022504060985,0.7788522367944669,115.74541027617467,0.01111388103898353
2.1695661083866953,0.648679166287468,75.07329751649384,0.04684102324227075
1.8617931156424872,0.8355746758965658,42.720018726587654,0.02716672864895917
2.087892083433839,0.6325546256062506,107.81465577554843,0.036238307160399365
1.3297931845603643,0.7179077453047685,81.32035415564789,0.1247489576153334
1.3674436310541012,0.7119859022063774,72.80109889280519,0.015154634758286718
1.89980804332,0.7153326875173189,128.41339493993607,0.009994124278120799
1.1398961419402576,0.7850920692160495,102.1420579389313,0.05649912140815779
2.1008321508481225,0.5215581120181931,79.2464510246358,0.003040755413197787
1.9515259239271767,0.6059517264542061,78.23042886243178,0.009194540830822008
2.2999762332292204,0.6499639214446651,70.178344238091,0.011897067624018097
1.474846465002685,1.4491202430188528,24.351591323771842,0.020155652259857444
1.8985150236427464,1.1340161157568687,34.48187929913333,0.0037420540005698496
1.8000265227007026,0.5326224573265947,80.8084154033477,0.03958702898211039
1.3367410039042005,0.7418946851844422,35.4682957019364,0.009646824477591376
1.6893981291692854,0.5666137666816591,142.52368224263643,0.004347094803376199
0.9725005346449551,0.8694358374243725,98.812954616285,0.03754840268832352
1.3015650550526972,0.8261890050977013,28.231188426986208,0.014032487916693096
1.4666502523193123,0.7658904281575645,76.55716818169282,0.04468055462551545
1.174933497871302,1.1724321109607625,8.94427190999916,0.030325077595561092
1.842007116976752,0.622325611092839,55.08175741568164,0.042619854193376945
1.5814621673323273,0.7047720947028926,79.98124780221924,0.059591721798713936
1.4050012625178494,0.6987709392334172,70.21395872616783,0.015992661311742064
1.6228582208735562,0.6784690441501886,62.24146527838174,0.006680608900684415
1.9304717196668109,0.5701767399056177,58.7962583843564,0.007792886868685001
1.6503601572595952,0.5146326369377521,88.40814442120137,0.012322248596128856
1.8558400636717574,0.7744516385747284,81.12336284942828,0.05869789982886098
1.970594213271843,0.579736513873226,94.81033698917012,0.017966455006222827
1.7463482334044642,0.6018176661283432,79.05694150420949,0.010467345240617282
0.7427348196616609,0.6547793548644227,27.65863337187866,0.058711440174507856
1.315278147223114,0.8911679863785018,89.80534505250787,0.0658686851181661
1.4460049319607737,0.4860741474749157,43.01162633521314,0.00872002834365221
1.5719567373775372,0.7626554502536073,43.56604182158393,0.06490220813184594
1.2457435951476037,1.0318570333633734,53.600373133029585,0.02681935083027742
1.2780706621245286,1.277989793815869,43.289721643826724,0.07311801287034857
2.1435629378785674,1.0365838913186978,93.47726996441435,0.11642698177257375
1.8537503918705074,0.7913698518401667,32.64965543462902,0.09301999354162581
0.9313095495454361,0.7320225480429561,59.22837157984339,0.04234611161757361
2.1464791915681376,0.7932918229979131,103.07764064044152,0.025145645380748084
1.3748201687483315,0.7089703764780353,78.33900688673555,0.01044149145548469
1.4710368804752962,0.634451643610053,112.0044641967453,0.009375921800270186
1.8165868176236364,0.5398404648611385,40.52159917870962,0.006182424354993964
1.74141799983612,0.771357847726792,102.53292154230269,0.011891931642928087
2.9822416019392675,0.47623184267518603,118.6086000254619,0.005497449672676507
1.8079229015387868,0.7842167511852922,37.57658845611187,0.005540387938507791
1.5989591024870533,0.5483998349853586,62.369864518050704,0.024208444876788204
1.8577296491214708,0.5421417671309567,64.0,0.015941122540223868
2.362736730701959,0.608941965059324,83.02409288875127,0.018115776094713133
1.3008617722944162,0.6321274997534069,44.204072210600685,0.004648683892212767
1.5689119938698937,0.8677089703788237,81.61494961096282,0.024795003262054735
1.1002095099893328,0.7058581880408831,81.39410298049853,0.05555658704730469
1.957524726669293,0.77486526771124,46.8187996428785,0.05307356137544026
1.4676862612801862,0.7077337199643154,93.08598175880189,0.018366683785893848
2.2612145285591576,0.8592650576306042,120.44085685513866,0.014517943773418947
2.7368695399100886,0.5943723340484035,108.07867504739313,0.012698492603704323
1.9233121958121873,0.6115061043429136,140.2640367307315,0.012203326900313977
1.7126466436650754,0.6258730634190866,139.8070098385628,0.08554814478364552
2.051086598596784,0.5188612193263378,80.62257748298549,0.013608271760380425
2.253428347529124,0.6992218304968467,44.721359549995796,0.01713381126473234
2.5721857480557904,0.6157224540777462,74.16872656315464,0.13740656013137348
1.2879325968021775,1.0602521774051807,41.10960958218893,0.029309648518724418
1.6918567270347835,0.7172611978247941,62.42595614005443,0.034221487631045835
2.8374379196912516,0.4887027794947601,76.32168761236873,0.0018689348149250442
1.574924962182563,0.5911369477333926,31.064449134018133,0.009795233834494658
1.6657194079522606,1.352002043615518,22.20360331117452,0.008189592809945355
1.4470681620590042,0.7404219129435357,36.6742416417845,0.028563193392881863
1.4174016171226618,0.7015893016761385,83.21658488546619,0.021959282408156932
2.0475696628293645,0.6185668346139395,95.46203433826454,0.013748213458611791
1.242192641993491,0.6549784350351082,70.0,0.047076296952434385
1.6629617219182127,0.7480327723899691,64.66065264130884,0.02728357455600556
3.1164887740690035,0.6157843713411947,115.41230437002807,0.019731625853670408
1.319654118739552,0.6029322010604266,73.10950690573696,0.014533866993446023
2.092359177100897,0.6731087261256473,113.59577456930342,0.019367005498085146
1.57965756047514,1.1504233827401782,30.886890422961002,0.02528955159814702
1.177824954724721,0.6031418597260594,88.23264701911646,0.019892456838929328
2.683848939876981,0.6159910120920385,73.49829930005184,0.022887664827121415
1.7976893298154624,0.5578573767860637,123.4908903522847,0.013096545290859438
1.951643079774516,0.7207674154099335,52.009614495783374,0.04956528201631284
1.174860225985919,1.0772572149270265,67.89698078707183,0.10406590398619224
0.9852066556269982,0.8496320196408009,26.40075756488817,0.04092951224040979
2.573479077239196,0.5760626879022201,97.24710792614863,0.006712888462473282
1.5505438352593197,0.6402908105768492,82.80096617793781,0.023194726486240224
2.450189536241452,0.5832765036831855,56.293871780150276,0.004656460450785488
2.666996686740031,0.5665668073481462,82.97590011563598,0.05754529878315481
2.008325894415376,0.46633627728083876,101.01980003939822,0.004151739716486816
2.146212330649327,0.779794274731016,92.65527507918802,0.011876630821010833
2.886601150745563,0.5329025455804307,86.12200647918046,0.009310259535137944
2.2029306576379613,0.8339645393481154,97.74456506629922,0.1603883636948557
2.017182213481838,0.7795810265177066,77.52418977325722,0.013900022883858708
1.6448210181269634,1.3878403593138708,74.14849964766651,0.18583180537845123
2.503482623270886,0.6437690906954684,113.99122773266372,0.01624170114462103
2.106443716450804,0.41334081767189457,87.00574693662483,0.006265513041636952
1.3311317352174252,0.6357915209785479,39.81205847478876,0.010602464037669046
2.2952648987358315,0.49074222654597094,56.32051136131489,0.002608191194630603
1.6337556854848296,0.6597248652813784,81.88406438373708,0.020739149347085692
1.7970087229036367,0.6944415448074457,74.81310045707235,0.014428310218526882
2.4343265881271314,0.51717512668497,48.33218389437829,0.025994890890591964
2.884971400780825,0.7122984032795545,108.24047302187847,0.033655656192133246
1.7254456075091975,0.5627626062639494,32.64965543462902,0.03266421747986067
1.6186786154751895,1.01913093330814,65.45991139621256,0.029932808556897537
0.9530974254361022,0.7979196303352926,69.83552104767315,0.04226516375204513
1.606180726552475,0.5752245184067003,108.04628637764465,0.012475728505643732
2.5448945792124746,0.5754844783388438,79.61155694998057,0.03717598173290449
1.255464643963028,1.1657720338072821,32.14031735997639,0.05440537356708913
1.6634934952131104,0.607828264225075,116.27553482998907,0.002572946346943391
1.4985442861455325,0.7014846313584768,106.5269918846862,0.011538331022359178
1.9300765776248778,0.5492719757291145,42.43819034784589,0.012226603613097372
1.6503753306718512,0.8009370481817918,34.713109915419565,0.010917340436632528
1.5250425895616253,1.0455688408222057,65.0,0.007091026344008467
1.5671046686566577,0.8260996863384411,50.99019513592785,0.025733739008890977
1.988156090031077,0.5546246872530143,41.400483088968905,0.008281978310483228
1.3289684891794957,1.1767467196183186,31.78049716414141,0.02255841444976464
2.2998319147282085,0.5584352181839909,55.90169943749474,0.014776688539427764
1.845332645904794,0.575236735708483,78.5175139698144,0.009580062892200902
1.884004159268742,0.8135744499151485,101.17806086301516,0.12161777961831308
2.5920596056470373,0.46128700522399285,37.013511046643494,0.01859215748399624
1.3093309399016777,0.7353731701248392,38.118237105091836,0.014270452568261247
2.7571073622764306,0.4607980879409494,63.63961030678928,0.033892137788807536
1.8257576107664952,0.7173416541608337,94.15412895885129,0.010882969154302695
2.159803380423937,0.6948765764704683,72.80109889280519,0.023633487441857812
0.7897219639902539,0.7148289876076087,25.612496949731394,0.024123057868058607
1.5406160013805676,0.5990518383865773,108.40664186294121,0.006318361296050668
2.085559309120675,0.5662890423991538,125.87692401707312,0.010862753700556805
1.1240525188138386,0.5525013828630849,96.56603957913983,0.042884215379683864
1.9868833058631148,0.6239018351491481,41.0,0.004866197754635499
1.1221327472578362,0.7922205521094567,57.30619512757761,0.014056391243726188
1.8677607975411301,0.5081185510019448,79.93122043357026,0.012660953536530904
1.7925228082847928,0.47885100945600706,34.785054261852174,0.00827557488391958
2.1075338197951963,1.5376736798380395,45.48626166217664,0.4379300001102119
2.446846087123855,0.5239492639354048,41.012193308819754,0.02306676691102395
1.561174708781486,0.5760489333187433,132.38202294873727,0.010250878408752025
1.682471124978318,1.0213150757046183,75.02666192761077,0.07521776193481308
1.758688166069371,0.37258433140414615,128.03515142334936,0.025806541587082128
2.0391081537561444,0.7662461024036942,77.23341245859851,0.06123990917700534
2.0620513054278176,0.6426306051138957,47.4236228055175,0.005041173931708723
1.240225945315867,0.5801854166723169,32.449961479175904,0.01643092531948314
0.9738082113695333,0.6381508373295105,83.05419917138447,0.05552669443175842
1.1771798522893586,0.6256569147972995,63.0317380372777,0.02512818650949246
2.1566108098525776,0.5973281724337172,101.83319694480774,0.011776920719091689
1.5787339529652542,0.5984655826100744,91.48223871331527,0.0286016737010671
2.078264454111193,0.6165498937890517,29.5296461204668,0.023099737907516665
2.5233133647641193,0.5662961209106113,84.15461959987698,0.03741692741426357
2.0466447510921215,0.7166528618515813,81.02468759581859,0.017779268124914017
1.5892268941285876,0.5848187609835802,52.15361924162119,0.019965582204101915
1.8151012318353215,0.6943959543598153,114.93476410555685,0.038183048914186994
1.51584275708378,0.7394362026417257,54.00925846556311,0.01673579195462164
2.4714007328380596,0.9718893047991843,40.311288741492746,0.17150667142701026
2.10887632542083,0.9113261881748574,56.72741841473134,0.0161345328035519
1.602295181676224,0.5671209152563019,70.00714249274856,0.008603950033910544
2.13791029517985,0.5321503988891558,87.32124598286491,0.01282581625077708
1.5376516243880582,0.8179160834489734,107.33592129385204,0.022446318966451682
1.6414374539081442,0.6809967859977276,86.97700845625813,0.008060239862817153
1.4547748373873894,0.7300586557815765,88.52683209061533,0.03619455082047556
1.7957727471120153,0.575438157078997,60.207972893961475,0.0048270910284331555
1.851075805355327,0.5080280455318155,98.47842403288143,0.012101304241380145
1.4534511731395163,0.7465903690422891,51.03920062069938,0.026859482413650448
1.7766142294164684,0.630288295256756,82.92767933567175,0.026630551830745593
1.8767548089161699,0.8978810705190129,43.139309220245984,0.07056651315557136
1.7639814180204465,0.7070272393178303,50.44799302251776,0.008283582938852582
1.8616428062879409,0.5532096230508576,56.85068161420758,0.010255757926525475
1.7525978921851693,0.6467712969246692,77.38862965578342,0.01576497291778535
1.6939457288192885,0.6655989453132298,83.48652585896721,0.037163421537588004
1.207533353643985,0.7970012513685095,100.65783625729296,0.030969021297074347
1.6122731010076914,0.4934683955339355,44.553338819890925,0.020737153808199488
1.0456156425480785,1.0223175191385272,88.19297024139736,0.04711054027183075
1.9220575717628061,0.5760320450145497,80.36168241145776,0.04029418036041089
1.428862475638103,1.1905474435934884,33.24154027718932,0.058713943034866455
2.3048710367222878,0.6595736499617972,114.06138698087096,0.01917546416178406
1.277858204998292,0.6299070629217464,59.682493245507096,0.01453109455261141
1.3844537389655995,0.8235936081922325,32.38826948140329,0.0183179382286015
1.7802964122222713,0.7676358147005845,90.0,0.024327813425868275
2.184966527480202,0.7290145489665263,70.02856560004639,0.008717507416661335
1.7389317805200215,0.5940206926616909,78.29431652425353,0.0250800281241475
2.2516018846017856,0.6245641955022423,57.21887800367987,0.015352323910366757
1.3246279667188134,0.8873235368099828,41.14608122288197,0.05408639270459751
1.7421904562578185,0.6693207482899555,118.96217886370441,0.03052838369429843
1.9341108630807256,0.5636575765981531,59.50630218724736,0.044969254415302466
2.207947927425852,0.4733290333647934,87.64131445842195,0.008052607224879724
1.9538304483636695,0.6650852780192538,69.40461079784254,0.015398986083164997
1.5801238491628526,0.7232890611859593,36.359317925395686,0.009753700872092146
2.083488480924932,0.5933483812963772,109.04127658827184,0.0205879637452198
2.1690503968425223,0.7031058769277588,80.15609770940699,0.01428246846506133
2.1547957059899883,0.7054856783755015,66.06814663663572,0.013741920137494625
1.8511444913515773,0.4791826704629612,52.08646657242167,0.009603525354136193
2.3723866025129414,0.8084078128154298,82.29823813423954,0.09862292971147328
2.940866092466943,0.5760351862596448,72.27724399837061,0.06532044126474089
2.02943217326055,0.6690877593883586,72.69112738154499,0.004958420202993324
1.4486672490272088,0.630116195696562,122.10241602851272,0.010305460953329916
2.575192057572494,0.6293372771146684,123.23960402403117,0.005730596472761343
1.8704724130153,0.8168445066742979,36.6742416417845,0.030197120041596866
1.8183371880757906,0.8460865750657892,64.88451279003334,0.024115075782506518
1.6329802843422014,0.8411361996729827,57.982756057296896,0.006994364097878478
1.6852838867417348,0.6375573233684103,54.42425929675111,0.020476471657571244
1.1906224813264186,1.1207255178342515,51.66236541235796,0.07942747389587657
1.4326689096611904,0.8239332651115983,30.479501308256342,0.07223652636424907
1.2106885029231946,1.1237822651997864,47.853944456021594,0.02491063677953266
1.297076878637279,0.8129883806618481,93.30058949438637,0.010076277563390005
1.6402982911147377,0.8216823831103768,51.42956348249516,0.01771928568898197
1.7561622034953381,0.8193620125040597,71.16881339463234,0.023480343601966075
2.128709782633591,0.6788043749191919,69.3757882838098,0.059218524037151554
1.227650690786128,0.9318471488302865,70.00714249274856,0.06758828257508731
2.2746466245452215,0.723214180418797,60.41522986797286,0.025982465898142255
2.241035808967313,0.5340526027316526,65.06919393998976,0.039876883280042005
1.7592586293554735,0.6618934653676171,30.805843601498726,0.04182120254318427
1.1154518267253384,0.5011554308590032,79.30952023559341,0.06457589346948721
1.5148244097715,0.5441084215234019,98.6154146165801,0.011110705313740562
2.7047100020667303,0.6881791772676376,61.741396161732524,0.0058545081551725255
1.7183779144194806,0.6298107111778204,112.16059914247963,0.019616141146170624
2.206063115137634,0.8271871467367914,64.41273166075166,0.02042594319075682
2.406723444813093,0.6568120734071151,60.41522986797286,0.13870616919171286
1.7449577923826285,0.9979065883826265,26.419689627245813,0.013543788424356594
2.105208643006155,1.4017880049600533,34.539832078341085,0.040169845476292654
1.325311417649862,0.7437840078382728,46.61544808322666,0.026720830685444535
2.3379563946911572,0.5561565637508062,86.2670273047588,0.02190537736804376
1.8481863294682284,0.6558722514314814,49.72926703662542,0.014567786193793274
1.788688317768309,0.5276135432732891,78.23042886243178,0.008081078978009153
1.6359656000848473,0.6653098572287873,110.43550153822818,0.03044393411546058
2.078207105122712,0.45072833593662615,82.96987405076617,0.031948872992888296
1.0159544573906176,0.7505656209239246,66.12866246946176,0.024477232573188446
1.8915246271357347,0.7421166427764743,81.21576201698781,0.01962028114090951
1.8971207211351588,0.6852612634993617,167.5857989210303,0.006847708867028512
1.8105366250504937,0.7206928253233417,94.02127418834527,0.06593009385122514
1.9576714919459683,0.6917131262665888,133.12400234367956,0.005240138566476142
1.478828929494675,0.5964357330575134,97.75479527879949,0.012064362838727515
2.3832880032753327,0.5417087626894721,67.77905281132217,0.006114660445593165
2.4345057994918866,0.8263699784797791,40.607881008493905,0.008403888968924477
3.5882174317696673,0.5431866360172268,77.6659513557904,0.005801409701067414
1.932032105585093,0.5742406204002841,76.40026177965623,0.016363022131458314
1.6028420884075774,0.8120899909719813,86.33075929238663,0.020236633545473077
1.1973844703664682,0.656697538274111,88.52683209061533,0.054300249015753144
1.8635036322781828,0.8323584870115229,80.77747210701756,0.069553010497504
1.8276755931864865,0.679468064511296,92.61749294814668,0.008673254851967113
1.6154117292364092,0.6167482109699344,97.26767191621273,0.021310476042366217
1.6056315874341485,0.8144581766604394,74.0,0.012966515320605727
2.33276020092376,0.8136576531747011,68.3593446428504,0.02129376903697842
2.219370407314768,0.6632384215112843,58.008620049092706,0.08423683629521994
1.2703395290694868,1.211905001047813,19.1049731745428,0.06090953476385419
1.6596472212010789,1.3177379422739106,37.589892258425,0.03379490854201798
2.105355810136113,0.7255073406404776,59.07622195096772,0.008432832747311976
2.09247451727532,0.714249170443317,103.75451797391764,0.02748465149321178
2.6407510657228235,0.49831576244838593,91.67878707749138,0.009526084077502502
1.5751193602733302,0.7391221563012975,55.65968020030299,0.02022975982791636
2.3890141267839207,0.5224033207319345,117.83462988442744,0.010918047746481615
2.947262074440267,0.5702146857666369,100.34440691936945,0.039845224091216554
1.6861588402209806,0.6241750951098135,35.35533905932738,0.007275451972900383
2.043626125733896,0.5684487098243216,94.0,0.03976245484813341
1.4975282698116335,0.6568458115576534,85.16454661418682,0.004718493692531361
2.0900921033972986,0.6494644330084163,74.67261881037788,0.03635064712088726
1.8551310763473448,0.8001938273301394,117.88977903109328,0.004135260806532023
1.6476222088561479,0.8579434421134927,65.27633568147036,0.052091154887587664
2.0394978189203194,0.9393274730392938,31.400636936215164,0.017875175588707194
1.1720468763267387,0.879801468404917,56.753854494650845,0.04078608096889801
0.9577055423885179,0.877194027655273,77.00649323271382,0.1668602890058356
2.095616758779436,0.6355385640557106,90.44888059008801,0.02209029739994221
2.675612117865391,0.6814560269595672,61.66036003787198,0.020045722387361964
1.5094611347306088,0.8174520900240261,102.0,0.07140358181334468
1.4665262327044852,0.6467670460289612,118.1185844818672,0.06891250204788746
2.1617414175806062,0.9527705640376629,121.26417442921878,0.014362119264897633
1.9547660271544962,0.5814935400787107,105.26157893552613,0.04999025195189815
2.6960479855084007,0.4967330409497198,88.45903006477066,0.00720037675758336
1.778186093626028,0.808998207981998,49.73932046178355,0.016957851598116653
2.0518716572000257,1.056907314137959,94.66784036831093,0.07977463363909107
2.2928225690021242,0.6734922436427647,103.73041983911952,0.011414106358394882
1.8767185187150464,0.8277304371381796,98.60020283954795,0.018614589622798137
2.6413735978897668,0.5849437413941027,40.8166632639171,0.01062470969178311
2.017321363342395,0.6017525297094284,77.87810988975015,0.011334065275732145
1.4860171393734471,1.0761679668444826,31.016124838541646,0.04094391154480975
2.373428733047918,2.0110545546578416,110.63905277974861,0.5789421529901456
,,,
,,,
,,,
,,,
,,,
,,,
,,,
,,,
,,,
,,,
,,,
,,,
,,,
,,,
,,,
,,,
,,,
,,,
,,,
,,,
,,,
,,,
,,,
,,,
,,,
,,,
,,,
,,,
,,,
2.6351637042546887,0.5632397280853929,101.96568050084302,0.01958578808293797
2.2198841669388205,0.8510049472196641,66.64082832618455,0.07664576632908005
,,,
1.561028715444605,1.223655789697766,68.54195795277518,0.03526439469874846
,,,
,,,
1.555818494002031,1.2693534820450472,72.09022125087424,0.2239865449752333
,,,
,,,
,,,
2.6145762267737434,0.5265814979284658,125.25573839150046,0.03209619790757207
,,,
,,,
,,,
,,,
,,,
,,,
,,,
,,,
,,,
3.247091530982969,0.7057750223009024,42.579337712087536,0.013487162108056625
2.1482716328531515,0.5700632457140725,76.4198926981712,0.05292017242807256
,,,
,,,
,,,
,,,
,,,
,,,
3.4183241137981013,0.7093895691126325,92.65527507918802,0.013666684325903037
,,,
,,,
2.488845720358773,0.5447914620810884,85.0881895447306,0.024200248304282513
,,,
,,,
,,,
,,,
,,,
,,,
,,,
,,,
3.0541170370272663,0.6258133002464027,49.33558553417604,0.029642703789718464
,,,
,,,
,,,
,,,
,,,
,,,
,,,
,,,
,,,
,,,
,,,
,,,
,,,
,,,
,,,
,,,
,,,
2.3885718085443886,0.5508743914184848,72.13875518748573,0.005266513898705095
,,,
,,,
,,,
2.665575708036061,0.7853368854441244,100.43903623591775,0.04307866689578677
2.911754563860776,0.6431067950179765,120.91732712891069,0.0186351344130557
,,,
,,,
2.2592484844368745,0.6567854314959994,72.56031973468694,0.030172284297114996
,,,
2.731232901174718,0.813628400425508,96.38464608017192,0.03780073118016932
,,,
,,,
,,,
,,,
,,,
,,,
,,,
1.8565751136360122,0.8032512109913094,57.0087712549569,0.034324286745915436
,,,
,,,
,,,
,,,
2.0337409127392068,0.6531752687263539,100.00499987500625,0.040735269992116796
,,,
,,,
,,,
,,,
,,,
2.2391002661572577,0.6673120955661656,79.92496481075234,0.026869049286673424
,,,
,,,
,,,
,,,
,,,
2.3367889399582933,0.7977525993636253,75.13321502504735,0.05690729604223426
,,,
,,,
,,,
,,,
1.801032159724161,0.7876401379011186,43.01162633521314,0.015399619862118982
3.2000918339808315,0.5403738739910543,65.0,0.004026526444723274
2.672278938277701,0.47068384779027167,53.75872022286245,0.020633595393973445
,,,
2.09593556124967,0.610031496919381,36.05551275463989,0.02588826279636853
,,,
,,,
,,,
,,,
,,,
,,,
,,,
2.638132543895675,0.69763563322631,96.60227740586657,0.024049453172809033
,,,
,,,
,,,
2.2986067792113056,0.6321054713947183,43.41658669218482,0.02224389475760508
,,,
,,,
,,,
,,,
1.686370408783775,0.649557251319876,38.3275357934736,0.02022188063713473
,,,
,,,
,,,
,,,
1.6595438161903224,1.2910648629174701,127.5617497528158,0.15750203275405159
,,,
,,,
,,,
3.16939322470144,0.6046830192661594,130.10764773832474,0.009663197384917424
,,,
,,,
,,,
,,,
,,,
,,,
,,,
,,,
,,,
,,,
,,,
,,,
,,,
,,,
,,,
,,,
,,,
,,,
,,,
,,,
1.260171615877542,1.1839945187675736,123.64869590901475,0.39168805133800966
,,,
,,,
,,,
,,,
,,,
1.4953805639535647,0.8681858930422718,63.150613615387776,0.05254579678154986
2.3598446945753975,0.4078878805544427,135.05924625881784,0.015018635493077487
,,,
,,,
,,,
,,,
2.6304830142401117,0.6561899993734897,90.08884503644167,0.04530806396555973
2.2261776724967444,0.5842153881642906,102.15674231297707,0.05798275907116455
,,,
,,,
2.775496005412085,0.6454519418747279,78.81624198095213,0.00549105723336969
,,,
,,,
,,,
,,,
,,,
,,,
,,,
,,,
,,,
,,,
1.5676951845626121,0.5526104160587693,57.0087712549569,0.025279233341939992
,,,
2.046446209155313,1.0399651006558557,69.9714227381436,0.06236677175517183
,,,
,,,
,,,
,,,
,,,
,,,
,,,
,,,
,,,
,,,
,,,
,,,
,,,
1.8170457979962933,0.6437614434093041,33.83784863137726,0.008465536517901438
,,,
,,,
,,,
2.1485562533764653,0.44893078029277417,92.35799911215054,0.010567858712525779
,,,
,,,
,,,
,,,
,,,
,,,
,,,
,,,
,,,
,,,
,,,
,,,
2.522740037036019,2.1771460732757197,32.984845004941285,0.19375904900909866
,,,
2.168686779401306,1.363249844996175,35.17101079013795,0.03257479583200668
,,,
,,,
,,,
,,,
2.666581678086195,0.6313111208213625,49.09175083453431,0.022145840685754474
,,,
,,,
,,,
,,,
,,,
,,,
,,,
,,,
,,,
,,,
2.805045209647606,0.5844299274787598,82.87339742040264,0.05513803440259414
,,,
,,,
,,,
,,,
,,,
,,,
,,,
,,,
2.520960126304683,0.4925649500071089,50.08991914547278,0.04064072756836944
,,,
1.8884237653204026,1.64609717029702,55.21775076911409,0.2968233378106135
,,,
,,,
,,,
,,,
,,,
,,,
,,,
,,,
,,,
,,,
,,,
,,,
,,,
,,,
,,,
,,,
,,,
1.9239378401474403,0.7314178102025426,72.3671196055225,0.045116971016220316
,,,
,,,
,,,
,,,
,,,
,,,
,,,
,,,
,,,
,,,
,,,
,,,
,,,
,,,
,,,
,,,
2.623748886879606,1.86590236648347,99.02019995940222,0.2699169845784939
,,,
,,,
,,,
,,,
,,,
,,,
,,,
,,,
,,,
,,,
,,,
,,,
1.7423308756254412,1.3062866798612323,34.828149534535996,0.05540529655044553
,,,
2.6787723544271045,0.7030823599703135,101.17806086301516,0.01956762133667266
,,,
,,,
,,,
,,,
,,,
,,,
,,,
,,,
,,,
,,,
,,,
,,,
2.6867823816018737,0.7383937764602562,80.7093550959243,0.011911647343827339
,,,
,,,
,,,
,,,
,,,
,,,
,,,
,,,
,,,
2.4225961926118096,0.4645144609128019,81.41252974819048,0.00793054764276701
,,,
,,,
2.7128355004622833,0.5363410394563064,100.7670581092849,0.0067921841867060965
,,,
,,,
,,,
2.582735076749415,0.7566701186401664,84.50443775329198,0.009247315692963906
2.235495877738052,0.5119801945787587,125.86500705120545,0.02478283186989279
,,,
,,,
2.8111181396836087,0.5456564109513413,96.51942809610924,0.006274919602229959
,,,
,,,
,,,
,,,
,,,
,,,
,,,
,,,
,,,
,,,
,,,
,,,
,,,
,,,
,,,
,,,
2.9281206024423105,0.7332200996229403,49.03060268852505,0.023780737424870056
,,,
,,,
,,,
2.207740801558836,1.1503246771265816,47.38143096192854,0.022104132725094268
,,,
2.2787057944804094,0.6104219453597782,50.44799302251776,0.0016217844809911395
,,,
,,,
,,,
,,,
2.3332366727545746,0.5411910692822239,81.98780397107853,0.02639240182888678
,,,
,,,
,,,
,,,
,,,
,,,
,,,
,,,
,,,
,,,
,,,
,,,
,,,
,,,
,,,
2.2108514872041867,0.510921577995347,85.70297544426332,0.03153786037414549
,,,
,,,
,,,
,,,
,,,
,,,
,,,
,,,
2.3691368581540724,0.5189060446204494,39.408120990476064,0.01382489264650369
,,,
,,,
,,,
2.5691364584587935,0.8387880047619399,90.95603333479313,0.014187472424268285
,,,
,,,
,,,
,,,
,,,
,,,
,,,
,,,
,,,
,,,
,,,
,,,
,,,
,,,
,,,
,,,
,,,
2.3909035325884846,0.8307905535431587,48.76474136094644,0.01649058901977508
,,,
,,,
,,,
,,,
,,,
,,,
,,,
,,,
,,,
,,,
,,,
,,,
,,,
,,,
,,,
,,,
,,,
,,,
,,,
,,,
,,,
,,,
,,,
,,,
,,,
,,,
,,,
,,,
,,,
,,,
2.9178757537716207,0.614484157836609,85.86617494683223,0.002501022591191842
,,,
,,,
,,,
2.8065172247250003,0.6420401190727385,53.225933528685054,0.011989622516510525
,,,
,,,
,,,
3.127482925635251,0.4896118831244137,89.80534505250787,0.01344290677478952
1.8463732141549833,1.2664942037430074,87.93179174792243,0.10104770130807804
,,,
,,,
,,,
,,,
,,,
2.0821269618341627,0.7979124575448029,33.24154027718932,0.01626177454665124
,,,
,,,
,,,
,,,
,,,
2.1136944594695906,1.494020172037696,52.839379254491625,0.12945681566520512
,,,
,,,
,,,
,,,
,,,
,,,
,,,
2.777805408087122,1.285118443598576,136.61991070118586,0.19143188044646775
,,,
,,,
,,,
,,,
,,,
,,,
,,,
,,,
,,,
,,,
,,,
,,,
2.1371833534168148,1.7277015289596613,22.825424421026653,0.1590067764346191
,,,
,,,
,,,
,,,
,,,
,,,
,,,
,,,
,,,
,,,
2.8530539188834974,0.7112018436586695,51.97114584074513,0.06355033097023702
,,,
,,,
,,,
,,,
,,,
,,,
,,,
,,,
,,,
2.447503046031818,0.6725065926815366,44.9221548904324,0.04125920072308682
2.3268575702607928,0.9245265510472906,57.30619512757761,0.04114008682360844
,,,
,,,
,,,
2.9407457251168165,0.7973531645501772,101.51354589413178,0.04714965648152579
,,,
,,,
,,,
,,,
,,,
1.276058456885589,1.021679322270157,41.7612260356422,0.04331104634067083
,,,
,,,
,,,
2.2552872924327825,0.7334325963287026,59.90826320300064,0.020101648675473528
,,,
,,,
2.688930237884638,0.9323865809128967,65.86349520030045,0.027466794217997966
,,,
,,,
,,,
,,,
,,,
,,,
1.998594912878105,0.7860089873701951,46.06517122512408,0.02483588999976394
,,,
,,,
,,,
,,,
,,,
,,,
,,,
,,,
1.9120213715527263,0.6788550826472541,130.6981254647518,0.06431456274737443
2.057150043469139,1.1328135102542403,101.51847122568385,0.06954629131860902
3.6030625677763664,0.6907925293929288,106.7941945987702,0.01151506788064064
,,,
,,,
,,,
,,,
2.764417939427841,0.5883729976725929,106.50821564555478,0.011690882321783424
2.4934856193259476,0.9595579370570239,52.92447448959697,0.021545106247312876
,,,
,,,
,,,
,,,
,,,
,,,
2.661928872560064,0.6525765724718176,95.4148835350125,0.0055379463182533865
,,,
,,,
,,,
,,,
,,,
,,,
,,,
,,,
,,,
,,,
,,,
,,,
,,,
2.4861192212161374,0.4136432846388153,111.01801655587259,0.01923806195619862
,,,
,,,
,,,
,,,
,,,
,,,
2.1367499074471086,1.3062828002919784,91.4166286842826,0.045177439425320126
,,,
2.285552330132242,0.8487484909651928,47.853944456021594,0.02306688382709305
,,,
,,,
,,,
,,,
,,,
,,,
,,,
,,,
,,,
,,,
,,,
,,,
,,,
,,,
,,,
,,,
,,,
,,,
,,,
3.1264750661555496,0.48619592852195437,89.09545442950498,0.06445838932082039
,,,
,,,
,,,
2.6933448326989504,0.6882415974572379,102.95630140987001,0.015223793185297967
,,,
2.5279370362685416,0.6730822820320284,96.20810776644555,0.02076491509626791
2.600396817476988,0.5227476672882582,41.6293165929973,0.011492603531937602
,,,
,,,
,,,
,,,
,,,
,,,
,,,
,,,
2.030758882894158,0.7803869215413015,71.58910531638176,0.0563341909295828
,,,
,,,
,,,
,,,
,,,
2.007628875428073,0.6316273433063553,96.74709297958259,0.01804657166040587
,,,
,,,
,,,
,,,
,,,
,,,
,,,
2.3039709181331984,1.8079068305586639,126.81088281373961,0.17922594530445893
,,,
,,,
,,,
,,,
,,,
,,,
2.4465990072468298,0.9114455888884208,92.0869154657707,0.03480187552073286
,,,
,,,
,,,
,,,
,,,
,,,
,,,
,,,
,,,
,,,
,,,
,,,
,,,
,,,
,,,
,,,
1.6871044159570285,1.425149894148864,71.34423592694787,0.2176311425251691
,,,
,,,
2.3614472323445854,0.6929080694831373,102.7861858422619,0.04429108691310025
1.4259007372385613,1.2434217003129104,60.207972893961475,0.11002350204756754
,,,
2.920253767172455,1.0699588838363456,105.32331175955302,0.1080369215806897
,,,
,,,
,,,
,,,
,,,
,,,
,,,
3.328088966000736,1.5971062571174297,123.45849504995596,0.19422246890888906
,,,
,,,
,,,
,,,
,,,
,,,
2.5533374946325718,0.8470494677175455,94.02127418834527,0.03975192082307337
,,,
,,,
,,,
,,,
,,,
,,,
3.3793170566620905,0.6228284568752183,100.64790112068906,0.06306703378511869
,,,
,,,
,,,
3.3359854847590285,0.46800170012850184,128.80993750483694,0.009028621032679353
,,,
,,,
,,,
,,,
,,,
,,,
2.3171865478746647,0.5085263063447587,80.09993757800315,0.0273075013581068
,,,
3.3389136158489734,0.8403392535017802,124.80785231707178,0.018560998540791875
,,,
,,,
,,,
1.3190830686234583,0.8700674333442788,81.00617260431454,0.12355219869626696
,,,
,,,
,,,
1.8038960975364666,0.515256329460587,99.60923651951158,0.0468052899314019
,,,
,,,
,,,
,,,
,,,
,,,
,,,
,,,
,,,
,,,
2.157571607301957,0.6786780473268892,48.60041152089147,0.011254882052286443
,,,
,,,
,,,
,,,
,,,
,,,
,,,
,,,
,,,
,,,
,,,
,,,
,,,
1.7776443425458266,1.5912713239216427,41.19465984809196,0.039175511136753015
,,,
,,,
,,,
,,,
,,,
,,,
,,,
,,,
,,,
,,,
2.8247942676203834,0.5329695975203613,109.9317970379817,0.011850081149511854
3.5760989450110205,0.8581784581057763,42.95346318982906,0.025598124724185305
2.5659283588658357,0.8708338120315777,85.0,0.015267241702450762
,,,
,,,
,,,
,,,
,,,
,,,
,,,
,,,
,,,
,,,
,,,
,,,
,,,
,,,
2.5826207397346637,1.8366132680485059,25.0,0.13900194288643672
,,,
,,,
,,,
,,,
,,,
,,,
,,,
,,,
,,,
,,,
,,,
,,,
,,,
,,,
,,,
