FOF_Halo_ID,Subhalo_ID,sigma_0_projectz,sigma_3_projectz,sigma_5_projectz,sigma_10_projectz
0,0,1706.7393150579587,1.4768043139470155,1.4768043139470155,4.499471485112801
262218,151738,1225.3690315636081,1225.3690315636081,1225.3690315636081,9.940867278636143
488885,281538,1251.590211597433,4.094772815435481,1.2440307433020554,3.6296954475844405
708444,401947,1043.0358785949113,4.001365150093752,7.278672754944209,12.452918860229929
905707,515440,7836.572338098909,7062.766077848699,6873.127233875712,6876.2212764963215
1099467,629105,77.50746412082836,1.2083023382604765,4.894002649130799,7.1806120015485195
1289969,731681,1335.1096492777579,60.12092006614419,46.08177945244759,40.44770091715684
1467438,830848,1276.168102554841,1277.416578396255,1898.3663868967567,1897.5210731634143
1617102,928389,55.01308897631879,74.04139198900073,63.266022298411755,58.4895020299536
1791552,1014414,780.5181663720011,1.117524556300331,2.459469520736804,9.407543111414075
1954520,1110520,1375.4812283703843,1375.4812283703843,1375.4812283703843,1375.4812283703843
2106983,1194856,1178.5599945265549,1178.5599945265549,2.453051373374465,64.71329314939175
2249928,1278811,1565.6831077382108,196.4941953588602,197.05704154355328,197.55620720524567
2412912,1358970,859.0694009333889,25.61263175098271,62.30627974768204,63.4088742226359
2560083,1434922,17.004102355296272,5.088978817028525,8.080552204347423,7.919344181910006
2697771,1510099,306.88442919576914,308.2950212914466,308.2950212914466,7.405565262093899
2825627,1579820,623.2044586698372,50.876169442659005,12.401687458180255,18.57478788379814
2952601,1648682,811.6868108242023,810.8978330575987,2.697077218333466,5.928853005347841
3080297,1717913,3.711563618838176,1.367790229006494,1.1524946416380302,2.4305282552935155
3196088,1783556,3.3474209676246907,1.0341647993786591,2.4526207180671644,3.2221057433095375
3298239,1850099,648.036546358056,1.2257959803134568,1.354511395065913,4.356951901648894
3407987,1918602,2.66266633765448,1.0127566096140803,1.2211231506010816,4.833834394197235
3533783,1986010,419.8454901758165,420.3032506988901,1.073312946360386,4.0941409736163275
3637925,2044071,1748.2001447487485,1748.2001447487485,1748.2001447487485,1619.1359334048775
3741376,2103793,5.027625558162061,5.027625558162061,5.027625558162061,4.417102193648951
3846078,2169273,1363.749145501786,1363.749145501786,1363.749145501786,1308.020650005508
3958049,2226258,92.5822497696489,3.294456621320861,4.102492662749329,5.74737594632248
4060554,2284021,2.805133157397226,0.9048011279927435,0.9048011279927435,2.2997951378328705
4164126,2346051,849.0707812666835,1.1886426355874635,1.1886426355874635,2.661489049038036
4268069,2403409,2.5708131053131478,1.1037589264028957,1.19822216472255,1.1037589264028957
4365334,2465493,2564.9850237604596,2563.3727742575343,2563.3727742575343,2922.831804796283
4471204,2526359,1290.142390748342,7.264128802374735,8.657031376913107,7.581627293606773
4578137,2586070,173.01112432351306,93.98403097923843,94.36053564168448,47.470427166697064
4679229,2641258,1017.4143035997366,1017.4143035997366,1016.8868680874017,1016.8868680874017
4770290,2702220,158.76281026792523,158.76281026792523,156.42792698419754,134.07077119666025
4863078,2760419,2.6058039800855535,2.532417819458506,3.395697032657061,8.083711146951414
4963084,2819463,4.067900857830093,4.067900857830093,3.9709583470163126,2.3327080455939395
5055393,2877270,1.0793585283338272,0.962444735927926,1.0793585283338272,0.962444735927926
5161003,2937357,1.3437482225424011,1.2018097532803564,1.2018097532803564,1.0005935924274352
5263968,2996855,3220.876464311634,3220.876464311634,3220.876464311634,3222.220986961973
5360800,3052457,2.322603089414407,1.094521946780253,1.094521946780253,0.9022499929466634
5457549,3108044,6.364717374435838,6.364717374435838,4.880763997538257,1.2222635659687682
5549122,3163885,539.7733634746137,82.11681498321641,77.34929190149136,76.47514886900095
5641027,3217698,1.1431860464727168,1.1431860464727168,1.1431860464727168,1.1431860464727168
5730502,3278015,1107.09173498541,2.615664692486758,4.218382582946223,7.495660702619346
5815866,3331341,1523.9479744515534,945.1106722436141,944.8375917501734,946.472725139966
5914383,3381764,4.665607665145972,1.0761657081874898,2.708750559396359,2.597502702487078
6004326,3433975,818.5515466314861,1.116232177830024,1.116232177830024,2.5440380983715514
6091342,3493418,1.4404163915650214,0.9054329663476879,0.9054329663476879,1.1589827909807533
6174196,3546529,249.62940095586737,249.62940095586737,249.62940095586737,249.62940095586737
6264728,3600387,7.579295447632876,6.0298592582817685,4.5571239356460564,4.5571239356460564
6355787,3649939,1191.8925535164535,4.34433082714184,4.067261624433391,5.689745357015104
6452837,3697942,1063.2067583426629,1.0903977116700942,1.0903977116700942,7.768033107599569
6542554,3749850,2.717112856294916,6.172976875349509,8.418197124175443,8.418197124175443
6632190,3799247,2.846167876915499,0.8967782662270591,1.1422794889126384,3.463263448088247
6712233,3848097,978.3473488193368,107.74334091586377,112.85087743638806,112.96643747199369
6797390,3898909,728.3217506528403,728.3217506528403,14.198299709358945,11.428575624726967
6884970,3948022,655.0381638277498,655.0381638277498,8.195923800614148,9.693014220650507
6975114,3995377,102.0440931284362,116.14631188222498,115.69681313268268,27.67483501580109
7050334,4045388,405.3346647215358,1.0480361158797473,1.0480361158797473,7.68323994550641
7123262,4091803,713.7582690853618,2.6878059362036426,1.19067903923517,7.098021252423527
7200224,4139048,304.31674832787013,7.558363237641402,7.534470622470348,10.838954907113392
7284734,4187566,381.51831673371044,187.6644813081444,187.21323004286407,187.5497400202286
7372060,4234683,1089.8250478682455,2.3299197254226325,9.026281281717266,18.371694208575498
7470527,4285372,886.704812289789,886.704812289789,886.704812289789,18.259355176036085
7554890,4327624,2886.6883124107494,2885.0341672975974,2885.0341672975974,2131.0856554006486
7626151,4371662,445.92720160537795,445.92720160537795,445.92720160537795,445.92720160537795
7700771,4421012,194.03583226948368,176.46893876320743,176.46893876320743,176.46893876320743
7785562,4469972,1173.4358636092866,1.505453324172961,1.505453324172961,2.674049667547322
7869050,4516949,1001.5894203922821,1.6492245815615654,1.3976338153765349,0.7157494985260846
7944628,4560263,692.748469361913,372.75892364595103,10.6086469632852,9.39316412086516
8026188,4604862,971.3334322309602,1.148546084878597,3.4870179041744978,5.829992710952796
8100641,4654460,617.0532984667744,617.0532984667744,616.2512239433673,616.2512239433673
8179091,4697952,9.152361038365903,1.1374169180360523,1.1374169180360523,4.854561128678368
8260765,4742470,632.0495907690085,632.0495907690085,632.0495907690085,115.90771707909995
8339028,4787459,561.2937791886543,2.5950463559965526,2.5950463559965526,3.5183307158177453
8410513,4833292,1251.8381267554855,1.0681666713412412,1.1005549123548013,1.1005549123548013
8488420,4879477,1160.2585347026602,1160.2585347026602,2.4551892312765773,4.069209896438126
8561921,4924625,1.0787669004916534,1.2754340567745772,1.2754340567745772,1.0679465669310384
8644038,4968444,396.61580388476233,395.0250741510258,396.4829907608401,410.4369545030603
8732471,5008673,154.8738579350015,1.11435203891501,2.599915323805054,4.791968549522875
8806600,5047444,2.8120418192137797,1.0115310459588165,1.3407655426651415,4.417261463784024
8878897,5089679,1524.0203991380085,1524.8839770754782,1524.8839770754782,1522.05621637121
8954746,5128657,4.222663151305357,4.7710605032021896,3.3784357973134327,5.859847599579784
9035624,5166907,733.8099777909289,1.5386822057178402,1.5386822057178402,2.3309905726904696
9111731,5206333,905.7152182383066,0.6010999401883838,1.6412720266334264,2.7184756444723304
9187604,5251152,476.33833379895344,474.7088225264767,42.647972905355864,28.82070148529242
9262342,5293336,11.115765351224221,1.3242744735489649,4.290210617863142,4.290210617863142
9336845,5334901,176.38832864621364,3.3708357081096505,1.0281495665548124,42.329868167022134
9406210,5374472,2287.9402927557794,1.0529643001861528,1.2446480881964728,9.181259477011412
9475827,5414027,215.78694011225477,189.95296421848823,195.835337838476,198.1402525975295
9542454,5457265,1.025909448867409,1.3634833544223575,2.8799731843362504,8.11964907726563
9618320,5500393,841.0527244476128,1.2480483359483292,1.1517250205477905,9.372158250166331
9692480,5543535,2.9245380063180297,0.969131991720833,1.4137621212464295,6.177308272086959
9755953,5585462,1.0366610448227436,1.3198765881020944,1.3198765881020944,6.2554532218222265
9821916,5622988,170.8538560687522,1.2856976586329343,1.288562116194205,2.6762770562516938
9898563,5662021,1.0626374375201972,1.0626374375201972,1.0626374375201972,4.688099652348976
9980528,5701991,2.529008549391404,1.0110902960618011,1.0110902960618011,2.529008549391404
10050921,5742550,174.62036613562574,6.903487850466624,7.995730327425601,12.92006125356118
10118255,5780854,1484.7542348693473,1.018281427662209,140.28269147532583,140.32217917770072
10182163,5819745,5.825073634570314,4.175841455004458,6.189569594481868,8.376949150051336
10250314,5860190,1.1769387407216831,2.9172441002733733,2.9172441002733733,2.9172441002733733
10325230,5898222,1.1117715061970128,1.175066030033521,1.175066030033521,2.6495692413225282
10388588,5935626,1.4014729587365875,1.4014729587365875,2.812874626277479,2.812874626277479
10461290,5975386,1126.4822188075796,1126.4822188075796,1126.4822188075796,1126.4822188075796
10523339,6015783,162.80144282666214,177.07070986392736,176.105758190918,151.67747972568986
10591373,6051780,1.0461684784225473,1.0461684784225473,1.2489106767478118,2.5403341921272595
10653720,6090578,6.456386821356318,1.2726427181573041,1.2726427181573041,6.494774818984807
10719334,6129057,2.748848565702556,1.0687616455038023,1.0687616455038023,2.6431584547762395
10789684,6168410,562.9812126180435,562.9812126180435,4.790063690676427,1.2286959101153356
10850667,6205698,798.3651989627865,798.3651989627865,798.3651989627865,44.116829979630836
10913474,6246528,794.4697581066632,794.4697581066632,794.4697581066632,794.4697581066632
10978509,6283650,153.30866475229107,11.734896042941285,11.238607595568112,9.649816161068658
11054451,6323025,435.06839896167577,1.0814448434312312,1.0814448434312312,1.0814448434312312
11114399,6362721,901.2654579809938,901.2654579809938,5.922858303534388,42.101420151908044
11181627,6400271,182.05198657014222,44.31530486848899,48.10440120571135,47.21969916665437
11244677,6438804,3.262067365398789,3.262067365398789,2.3435424812369705,2.3435424812369705
11306469,6474948,779.9836405613547,3.035246667358815,2.859295185262539,35.66361797114783
11366567,6513711,37.75127037939865,4.303803951171208,34.39557795697576,30.75974548222835
11427189,6551908,879.5679053128499,4.826113048058739,8.258172752246963,14.544252693161825
11494741,6587344,1.225511266061302,1.225511266061302,1.225511266061302,1.225511266061302
11557421,6623698,156.96417036246643,143.13181474626933,144.69838571989843,370.2802361024262
11616007,6658663,2.2726941165181715,0.715761605798749,3.7266219468590296,6.058741680003074
11669648,6694835,487.3139898735062,487.3139898735062,3.397641028133024,8.368839135630605
11728256,6730216,165.37866129793576,161.97191353435187,158.4639256217354,156.7610462027245
11787944,6768469,5.862570830603189,15.266244545072249,16.64759360323906,15.266244545072249
11842426,6803322,296.6264609164098,2.532129519454547,2.551304093279384,2.691336673871783
11899947,6834891,2.68982989941989,1.100750131923136,1.1857482666718004,3.58748139039818
11956131,6868640,738.740319528813,1.2363554422848766,2.698996674920849,4.301099577170154
12017596,6904361,400.9150613006109,400.9150613006109,400.9150613006109,2.5444019104576947
12072494,6934252,2.577002723737988,2.5093552744670906,1.1021640407321223,18.298933926696876
12125195,6968767,6.034786954245612,4.984307798804022,2.788520278586339,2.788520278586339
12181986,7003877,538.5587657834192,218.13213669882194,215.6343727522289,218.92679018373374
12241571,7036380,2.4848380364498475,1.0772110388796965,1.0772110388796965,2.575085763710195
12307120,7066609,786.4216665445487,1.2541984230981242,1.228918748106779,5.8286505412152
12365753,7099341,1071.8812161667593,5.02700427194618,4.379605342254819,7.604748327431465
12417474,7133372,246.31025363645116,1090.8752971402657,1090.8752971402657,1090.8752971402657
12469884,7164620,835.9327317807592,7.175880306330302,8.1333671522205,7.490749700198963
12532696,7198395,4.771181057317517,4.771181057317517,2.5382990909290695,1.0541068527029211
12583796,7226610,7.753160742592512,2.5119473511001833,1.0992179906851454,1.2519578092451602
12634279,7259062,209.5151419020314,1.49929776633916,0.8604575185163749,2.616786588755734
12691937,7292326,4888.836086375049,4888.836086375049,4106.22121422189,4106.22121422189
12745892,7326388,361.1794216546822,361.1794216546822,361.1794216546822,8.55888502146904
12797098,7358370,1.2907142663045934,1.2850867122603462,1.2850867122603462,1.0701749953829143
12853020,7390772,2114.446421258193,2112.4626853652358,2115.461850066115,2121.135896887718
12917382,7420977,171.95117596681143,141.78267008629172,99.45137623092212,49.437829871743396
12977508,7449221,890.5239652540876,891.593722853638,47.09712813897397,40.197512480525646
13039286,7479583,414.7418243359244,1.2966708209134479,1.2098750868254415,2.5389254440217277
13097824,7509022,170.13312950972875,2.985201187746229,3.8467434373702845,7.033542286273201
13155349,7540474,769.367404455198,769.367404455198,769.367404455198,4.2726176840379475
13211163,7568625,2.6827984466262884,1.2448789096067785,1.2448789096067785,2.5821764834185927
13265012,7600578,1104.163307872214,2.6419600922609034,4.239471683349099,6.337184565812185
13316140,7631495,852.3974795254396,1.261053155630892,1.261053155630892,4.2014619879876625
13371165,7666611,1795.5266844096348,1071.111365737502,1071.111365737502,1072.651040483359
13418091,7699738,1.1195171904557146,1.2248702502095006,1.1922867860996818,1.1195171904557146
13474771,7732001,665.6639079201084,665.6639079201084,117.6009756593209,104.5233077241778
13532574,7759148,1184.8665294692148,127.74620636135612,982.7848943656221,993.239461093191
13580395,7789873,742.0942847074418,2.5707931995560385,1.2002698896479125,10.088282832935413
13626852,7821379,11.45649584693484,6.582734597299567,6.582734597299567,6.582734597299567
13673079,7849977,677.1012427325911,677.1012427325911,21.047694154878865,21.94648064568087
13721716,7880893,357.17707400411655,357.17707400411655,2.4382016488953084,5.957932125984895
13776535,7909976,2.6387778662923593,1.136157732086977,1.136157732086977,2.496685921941305
13826982,7940482,754.3673378081874,754.3673378081874,754.3673378081874,5.974715900332773
13879750,7968500,885.8289023557222,1.0221879360029165,1.0221879360029165,2.5772406086557744
13931118,7996331,6.29736637233917,1.1593617957983415,1.1823727700819857,1.1823727700819857
13983997,8025746,552.8677811878171,552.8677811878171,552.8677811878171,4.865143963420571
14034933,8055180,703.0304330967151,703.0304330967151,703.0304330967151,703.0304330967151
14088498,8084217,239.8326672415922,4.912242746872004,4.22483602110237,9.368952237006578
14130316,8109923,0.9309423819697693,1.3967084773430392,1.3967084773430392,2.920552707931692
14174744,8136845,3.351155815609627,2.659655773902543,2.659655773902543,5.966885782088443
14233330,8167562,4.128631665601141,1.0157599465164049,1.1970392328298551,1.1678144779737314
14287597,8194454,1.5768199729090584,0.7842948072075305,0.7842948072075305,2.595079221176561
14335799,8223024,695.2122018191928,1.1313555346080761,1.1313555346080761,3.4908331501790832
14378078,8251771,877.5238475552383,877.5238475552383,1.049357274399995,2.8069249231440234
14429550,8280408,2845.5641593572695,2816.3097229374885,2832.5095381372275,2835.5010035971973
14474652,8306408,3145.360259546102,2730.199499934825,2730.199499934825,2730.199499934825
14519541,8333763,1992.0365787397031,1992.0365787397031,1992.0365787397031,1992.0365787397031
14561807,8362473,532.4599016139493,532.4599016139493,1.2125194602190843,1.2808986768382717
14608858,8388248,310.80655510956683,311.19523663177694,80.94153659434323,77.65725386374837
14656307,8418955,2.368507908479864,1.0609237810316265,2.610200239317986,2.610200239317986
14702020,8445478,6.2982261473641,2.5345999522354448,2.5345999522354448,5.764521006624831
14745621,8470586,4.168766328645553,4.168766328645553,2.5547781592657572,1.0816019956723102
14792227,8496867,7.8374991735645745,2.599231080375378,1.229109803677041,4.993157430127447
14840507,8520731,1.013978419191039,1.013978419191039,1.1412538231031146,2.5152320773225494
14887593,8547162,1.2698785614248782,1.0807088818812847,1.0807088818812847,1.2627395100886056
14931303,8575306,13.898636143875786,2.466558327588857,3.3067486440251685,1.3835530127863398
14980356,8600493,741.0930340562061,1.2955496026513842,2.6637424203025453,13.110160067147378
15020206,8627300,556.5536216791497,6.161343919845698,4.677119508731538,4.088971756260923
15075264,8651442,3369.765870827696,3371.3942267884518,3371.0851761953877,3730.8845214103794
15120042,8675949,103.94806665097875,10.223705664070604,11.455974901255777,8.221233597793496
15160903,8699877,1794.9642938565453,1794.9642938565453,1794.9642938565453,1575.988755109275
15206067,8727112,1098.960183224597,1098.960183224597,61.07001039499344,54.47455891329349
15247173,8753417,3.626415090059341,0.9808342729154529,2.44227008254824,1.372891082227003
15291451,8778106,344.0101951561461,344.0101951561461,344.0101951561461,67.79984040471265
15341007,8801029,1707.0956798989532,1875.1419081727067,1875.1419081727067,1872.9117738191435
15385189,8828920,1138.2719614171863,1138.2719614171863,1138.2719614171863,5.794691828767624
15430889,8854968,463.10995624000276,463.10995624000276,4.922306173197737,7.2145746446139025
15470983,8880008,3.2632103670998758,4.568035897206657,4.568035897206657,3.973787986255244
15517901,8905817,1286.731678340437,1219.2606079884276,1217.11296590393,1186.518952143632
15562043,8930302,9.128744037986891,1.2702753762961627,1.2702753762961627,1.2702753762961627
15608847,8956448,1.116162382520394,1.2085883684183452,1.2085883684183452,1.2289750200169545
15650347,8980664,1.1002502732001247,1.1913288030753941,1.244076752970444,4.252060288911107
15691936,9004656,1.1429880573876834,1.144802928677572,1.2000101103090195,1.1429880573876834
15732682,9031681,257.7947501743534,4.789164156079798,3.564164852517315,6.218006772863624
15770874,9056171,3.7588095266554964,0.8861733765096578,0.8861733765096578,6.860816631272097
15814214,9078891,759.7017620019709,130.42524531343855,130.42524531343855,130.42524531343855
15858520,9103762,1.0796488900364798,1.1507045478259468,1.1507045478259468,1.1507045478259468
15895667,9128478,144.44554837110104,162.32538040490437,161.85743663219063,155.207029093856
15939153,9154955,1.1514989999353347,1.3469178672849467,1.3469178672849467,1.1514989999353347
15981083,9178761,162.5911566980589,4.998347389323623,3.6365496638328856,4.208920517664111
16023780,9202243,574.341992564146,575.8087531660144,1.259367750570858,2.7766635823662806
16067890,9227949,1.0627053363270185,1.0627053363270185,1.0627053363270185,2.509700651767251
16113365,9253598,1137.6407369522658,5.714737624303726,5.714737624303726,6.142978261556288
16151289,9278432,1.0803322563083193,1.0803322563083193,1.1813681568183554,2.668114757054361
16190590,9299510,1.2662064984908665,1.168947177748391,1.168947177748391,1.2662064984908665
16230920,9326278,17.446360812230395,1.1288246199562804,5.742227375242896,9.021855148225855
16267749,9351824,7.30748343892264,3.697940522218262,2.7876095598261625,4.886648028809311
16309891,9372972,502.8547712202615,1.1444447737399899,1.2127515257940213,1.2127515257940213
16349839,9395922,2.3991671307971947,0.9389250701044309,2.429254223350841,5.626651094031186
16388583,9419077,693.3692010327908,693.3692010327908,21.309973444920953,14.862195651069937
16427321,9439819,961.0527034426995,2.7213805123712684,3.529931674980565,2.5468271583265207
16462749,9461455,5.223994025637158,5.223994025637158,6.810451777702267,8.295603647656948
16498961,9480893,2.587182734811501,1.1370140167028049,2.587182734811501,2.587182734811501
16533631,9501405,249.18907298652428,1.0498671397717554,1.0498671397717554,4.08334586183432
16566013,9523059,45.5688473410873,45.5688473410873,45.5688473410873,43.98029096621645
16602584,9543673,885.5244288755948,885.5244288755948,24.042439206962577,28.892149424197136
16637109,9565073,501.0761155988611,2.647565979875182,2.695826191185892,4.917689686847748
16669220,9586137,2.6231932815316696,1.063424878495377,1.063424878495377,9.259042555724196
16707333,9604098,490.41575892357173,490.41575892357173,490.41575892357173,490.41575892357173
16746257,9623455,248.387276535285,248.387276535285,47.8155228176372,39.060017405365556
16783196,9642736,348.0124840869666,348.0124840869666,58.66269288189259,55.077966850553445
16817419,9662874,429.67992101258375,10.883362592854002,7.209614927237569,3.603189828543585
16850749,9684469,643.3710965811988,643.7592308508781,1.2433018431053628,6.328793810971838
16887424,9704253,40.08393163719984,37.5421618658647,33.923480659642074,33.31044102503798
16926184,9722871,1153.8301911328103,1.0304356099082892,1.0304356099082892,1.3140563138379693
16957500,9743417,32.80175757960456,31.681997822887936,30.611066045766897,29.342909051724234
16989050,9762301,527.2543605338641,527.2543605338641,527.2543605338641,527.2543605338641
17022321,9782373,1.2559129965939466,1.1337174276060444,1.1337174276060444,4.813327714467565
17056006,9803870,865.7521799600124,5.856417829328526,3.513795204328465,5.9852383307667125
17088453,9821989,178.5355181940644,33.96356843944068,30.64775785260543,30.735296469307862
17122549,9842105,359.18162926699205,1.1169193955800656,1.1263049797559972,4.218382265413844
17153358,9862271,487.78140634432646,1.3809414465959025,1.3809414465959025,1.0050994801776472
17186809,9882817,221.00413724189866,19.942232915164972,19.942232915164972,16.31982465035422
17219533,9904386,1.2020663677388055,1.1290239392556776,2.6280205656788107,8.233625502960564
17252239,9925107,1.1718046564232003,1.1718046564232003,1.1718046564232003,1.233617364104338
17282014,9944412,240.67178004055134,240.67178004055134,240.67178004055134,240.67178004055134
17313871,9963152,387.9728314956579,387.9728314956579,387.9728314956579,4.830255175573527
17344823,9982427,1.257044679089185,1.3108415965476001,1.3108415965476001,4.29868264818701
17379158,10002434,1.1842500737743757,1.1842500737743757,1.2069118733456687,1.1372811113312271
17412194,10021435,91.41895063565369,1.503961020535423,3.507421878262315,5.845196363101968
17443384,10041199,124.44002751007486,124.44002751007486,125.41547856056125,125.78906680071135
17479485,10058986,474.7591715649165,268.8238277971593,270.8107776519686,272.13450560143303
17510142,10077362,809.1559328045561,2.381440159227925,2.381440159227925,1.293008013569083
17536971,10093794,1.2211599302894813,1.2211599302894813,1.1343381575935574,2.5645481536202825
17567216,10110413,951.2796031454542,951.2796031454542,511.230829712021,512.8311208862888
17599176,10129434,694.1372744151049,695.2963634626813,695.2963634626813,696.4811844008327
17633347,10146632,1694.8883567261903,1694.8883567261903,1694.8883567261903,1694.8883567261903
17669637,10165618,840.3871162003103,3.79622187957526,6.3374294882281985,16.230139857624707
17699372,10182757,506.31052259168183,0.8697121911849471,0.8697121911849471,2.216281187373584
17729173,10198250,809.7281021357225,809.7281021357225,6.437092582192554,6.437092582192554
17757919,10214072,660.8332316820005,1.2086395550068014,1.2086395550068014,4.209235670869058
17788647,10231926,1.2136344407090427,0.9897918529698247,0.9897918529698247,3.4931163673152996
17823213,10250252,190.92749402012572,4.725350180432236,6.1984786380383925,9.901534518330147
17853235,10266031,15.144555131814963,2.743878502908612,4.357713124293232,2.539481611299595
17878050,10284004,533.6697712901121,3.5046031982479,3.5046031982479,3.5046031982479
17907468,10300353,663.0664090345716,3.6655058970387047,1.3217848148276121,4.697562530598651
17932993,10316089,2.4193702015723226,1.3179543579183228,0.9880636200431154,2.3896084284817305
17963598,10333667,2.712869970641562,1.2879113254494952,2.6986559768813585,2.6986559768813585
17991263,10352043,1.1162944865696838,1.2500273230786203,1.2500273230786203,2.715458696618709
18021832,10369172,2.7672308247306012,1.3536431749053068,1.3536431749053068,1.3536431749053068
18052809,10385645,7.34326139984181,2.4800501312358203,1.1026124733225027,1.332498621299528
18079516,10402165,675.8351472719601,676.2212999196433,676.2212999196433,2.399985515876893
18103755,10416348,594.1103127840395,1.423425978410797,1.423425978410797,1.2789983765315742
18130967,10431576,2.6019744883100326,1.2019390463115123,1.2019390463115123,1.2019390463115123
18157149,10447809,9.507271825043516,16.76259293356705,13.7045979686391,9.999621387877276
18186894,10464248,658.5736863028507,659.8154761565752,1.2212920138176682,1.2212920138176682
18219526,10480760,1.2447148661323684,1.2447148661323684,1.2447148661323684,1.3001429427462925
18245740,10496063,2.7578283829473453,2.712622141465086,2.712622141465086,4.968342018105435
18270342,10511936,3465.785964668436,3522.8558293065325,3522.8558293065325,3492.6517691949743
18303549,10527840,859.7039637267729,2.428283913465586,1.2596814857507999,4.471427217208416
18328240,10542006,190.76400402465387,328.9859561868558,257.5787625820076,242.32813768328046
18353689,10556853,14.558481911704483,16.001499507816664,17.48259906628006,16.001499507816664
18382237,10571412,1.0364732502655423,1.0527089072118678,1.322010037664229,1.3091185182701306
18409107,10585046,1.1271647732972918,1.1271647732972918,1.1271647732972918,1.1271647732972918
18439248,10599969,1402.6596446820706,1126.1635226147507,1126.1635226147507,1123.5792474928755
18465945,10615899,454.08503360149126,1.1684056488221308,1.3503047530164942,1.2026021308020578
18492314,10629545,763.1600517152543,762.1076266385192,55.20619517675405,56.47445708296195
18517634,10644190,176.58313426523202,2.861114030160934,4.370275679378886,7.163310854437769
18541320,10658126,2035.6099999152339,1654.1310426706539,1654.1310426706539,1655.7752235382131
18563130,10671821,1.182411081421016,1.161667066971851,1.161667066971851,1.161667066971851
18588077,10686468,1.2875234501579214,2.8208567844033667,2.8208567844033667,3.6153670952254195
18614771,10699541,1.3492671342988816,1.128606600315137,1.128606600315137,5.709781275178635
18637879,10712976,1.1393594581280133,1.2329319755057497,1.2329319755057497,1.2329319755057497
18659891,10724729,819.2980312967289,16.190339890075215,13.004167809078576,12.11867205040702
18683119,10738474,9.303300191782707,4.132571663758124,4.697684908774943,4.0636091035118005
18707833,10752748,9.43891326731137,7.4739831100504395,4.85948094417531,6.409791322008356
18735025,10765404,79.75941230271664,79.0704611618206,79.0704611618206,74.0874951909301
18758586,10779614,1.3316584872516275,2.71552151441295,2.573812251064259,2.573812251064259
18781831,10790948,1.2717028351453765,1.2717028351453765,2.618146630621966,2.618146630621966
18804468,10803576,0.9237018251353066,1.2313001757051354,1.1651152328941645,1.4213966958085062
18830772,10815303,289.4505340181565,1.2363628258689294,2.793395249488214,3.9891411201054527
18851478,10828975,3.467317509982585,2.525145083173013,2.525145083173013,4.159448011813884
18874184,10841480,82.56834026758935,82.28773232589165,80.65187636479847,18.879165501451048
18893514,10854575,357.5730709656345,1.1259246270022243,1.2764793684440174,3.6198987736613017
18914272,10867429,1.2768991048750118,1.2768991048750118,1.2768991048750118,1.0581219265182316
18938111,10879047,228.95672013487916,228.95672013487916,228.95672013487916,4.749045974761716
18959269,10890836,1.164931815743755,1.2132532627625452,1.2132532627625452,1.130875259118508
18980322,10903746,2.6712630072195394,1.180857811549322,1.180857811549322,1.071399543899164
19003244,10915959,634.0929051100863,2.4702760752626203,2.4702760752626203,3.3472330190175428
19025611,10927309,172.5944660679609,172.5944660679609,172.97383857283572,171.7606405010507
19046137,10939632,829.2550594005555,1.129192173358697,4.791148609580575,11.021256383928435
19066718,10952276,414.8333071899654,22.629947479975563,18.68241622176209,24.692504101893437
19088975,10965326,1.3298145496592577,1.3293192684466413,2.6945250778367846,4.189194727255435
19111198,10976368,1.1366286628740219,1.1366286628740219,1.2062712900365364,2.6352612394736465
19128727,10986793,675.4144449578424,4.148536753485178,4.148536753485178,6.2116936352782535
19150921,10998738,1.184359954850012,0.9327601734970667,0.9327601734970667,3.5363407842499517
19168884,11010357,633.9763273031713,633.9763273031713,23.10321160117231,57.349888312412304
19191987,11021899,613.9832233077161,1.282833084905368,1.282833084905368,1.0628719888488838
19210371,11035080,1.2463581967339712,1.2463581967339712,1.2463581967339712,2.7353707543563273
19231126,11048198,188.2577392115332,3.9002155525157947,3.9002155525157947,3.8851428988399523
19252268,11060258,412.19507829439453,410.58578437180006,410.58578437180006,15.227307727014129
19273523,11073517,1.1811873693128985,1.1811873693128985,2.673634484889109,9.506029726587652
19291384,11085165,4.856330764886313,1.2169913891199065,2.645149317972202,2.645149317972202
19314195,11094967,669.4417829305522,669.4417829305522,669.4417829305522,29.368175574572682
19333270,11107514,377.42142441772324,217.07615512539778,3.471267037011378,3.471267037011378
19351414,11120068,256.51170756167204,282.0533988865055,282.0533988865055,246.1769167351868
19374874,11131131,195.37921458747874,1.058479083141777,1.058479083141777,4.863686811620333
19394788,11142790,150.13814126354626,157.42367480428862,4.286523072640057,8.430299329583042
19408902,11153148,4.8815497681365985,4.8815497681365985,4.8815497681365985,4.8815497681365985
19427584,11166471,943.8561139330549,358.56595519332984,357.4651368480833,357.6151963837335
19446213,11176939,401.0298593759975,397.9816381124634,396.5273515769747,256.2205772049868
19462987,11188792,2.728912180552967,2.737575578987043,2.6738777895536536,2.513593466187901
19481408,11197378,797.4487925867203,797.4487925867203,797.4487925867203,2.74078706911915
19497330,11207141,4.811965683933189,1.3102654030161638,1.2372924202696198,1.0366838509888994
19515253,11218433,500.2429860308802,4.907240969719359,1.229107330178218,1.0820266093727755
19531845,11228086,653.7717774598257,652.1221447080151,652.1221447080151,653.7717774598257
19553444,11237694,616.6104926025063,616.6104926025063,616.6104926025063,140.66886950775336
19572112,11246658,26.12618233492379,1.0944559103518179,1.3061485527484848,6.0076068944046765
19588595,11257278,1.1046564907180672,1.1046564907180672,1.2030389086907842,1.24014395859117
19605496,11266879,80.38324173668475,78.69097108979275,78.69097108979275,4.174850989886667
19620393,11276232,5.847776955955639,4.795072936753472,4.795072936753472,1.1634162118083815
19639304,11285712,480.63683749943357,480.63683749943357,2.56522786221381,9.11014266936522
19656440,11296546,797.178478683228,1.0985137060653207,1.0985137060653207,1.0985137060653207
19670585,11305371,156.40458201689228,1.0260007384983443,1.0260007384983443,2.433772301163948
19684745,11314416,1.0757808157005209,1.0757808157005209,1.0757808157005209,1.3009459190749442
19701990,11323149,2.7075311865368805,2.7075311865368805,2.7075311865368805,1.4741459292005206
19718167,11331342,0.9748664204070391,0.9748664204070391,1.0163971228939008,2.743949049943692
19733768,11340440,4.774200669322137,15.997849633609594,9.511599451262352,6.380035614765367
19747928,11349111,806.8119509327398,806.8119509327398,19.04308907804317,13.18443927137957
19763728,11357577,483.2522980363663,483.2522980363663,483.2522980363663,483.2522980363663
19777400,11365858,598.4074356933619,700.6539924909171,702.1836556988873,705.8812517254075
19788656,11372872,0.9683375288945667,1.3768965877398225,1.3768965877398225,2.6870883013464164
