FOF_Halo_ID,Subhalo_ID,sigma_0_projectx,sigma_3_projectx,sigma_5_projectx,sigma_10_projectx
0,0,2021.1931324091586,5.971307180253768,5.971307180253768,7.969293735866778
262218,151738,652.1917023926629,652.1917023926629,652.1917023926629,16.3352414025124
488885,281538,347.1462079796778,817.1984615942573,5.868877771777235,14.110483127980036
708444,401947,1161.8822394803335,9.492745624604758,9.413181936237299,12.146501065070177
905707,515440,7405.546740477312,6691.570491567982,6520.073333740034,6518.734126235642
1099467,629105,55.99272753067398,2.7813232446221354,2.7813232446221354,6.496772148177064
1289969,731681,140.43824594988405,28.28205618715243,12.889182478804365,23.30826973675388
1467438,830848,1474.2471473245155,1474.2471473245155,2658.641051246815,2662.057082491792
1617102,928389,41.739176724894925,58.856365901308905,11.398644581605945,24.24669208110597
1791552,1014414,341.9398659287402,1.2521227485944644,4.141098077318914,20.60909178855036
1954520,1110520,1598.9987910657608,1598.9987910657608,1598.9987910657608,1598.9987910657608
2106983,1194856,888.7809321843397,888.7809321843397,888.7809321843397,35.81810079610217
2249928,1278811,1268.5540940943974,20.38206234338242,24.07014091545898,23.64506275512733
2412912,1358970,1083.936944860195,65.94708900805152,67.00107046462291,71.44641308655463
2560083,1434922,2.7943562978949315,1.3588044729732378,4.38921374981649,5.016753648425209
2697771,1510099,1096.6947734308674,1096.6947734308674,1096.6947734308674,73.6483364889858
2825627,1579820,572.6367717756278,101.5613899996943,105.94869114410447,114.17182290285969
2952601,1648682,1606.5566278507554,1606.5566278507554,5.831652428949376,9.436893493431496
3080297,1717913,3.6483270098508997,3.6483270098508997,4.954410149512925,11.15511840850952
3196088,1783556,5.450946155077848,4.4555026939040445,4.4555026939040445,4.417708890506206
3298239,1850099,445.387129828457,2.704862390437873,2.704862390437873,2.79943247491643
3407987,1918602,1.2370483767984577,1.3472194978926912,1.2370483767984577,3.5730512994640695
3533783,1986010,420.7556038314406,422.81421593688896,1.0427519192008416,4.149617703358953
3637925,2044071,2002.6495597943683,2001.294554933727,2001.294554933727,1035.7114508376517
3741376,2103793,6.3913136874978465,4.918801312956401,2.6960689516733622,1.0780298737248204
3846078,2169273,1036.059317780432,1037.4134361300787,1037.4134361300787,1039.8263621874903
3958049,2226258,149.0702721933905,1.721581345416024,1.483017039005218,4.141788508089198
4060554,2284021,1.3980291148474326,2.669838855449128,2.4344817441012085,3.19688221643415
4164126,2346051,230.987590239771,1.222998490316774,2.623967383278876,2.623967383278876
4268069,2403409,2.7255997747730767,1.3139286717103933,1.3139286717103933,4.431644784178518
4365334,2465493,878.2061745109669,878.2061745109669,878.2061745109669,696.3116288528136
4471204,2526359,567.6477821078477,7.20290402520563,7.568881855435475,5.925482894371569
4578137,2586070,59.638267707852435,62.24409953547984,57.21085513339435,55.853290866899805
4679229,2641258,978.8925775615768,978.8925775615768,978.8925775615768,978.8925775615768
4770290,2702220,172.2685860001879,178.79649620948442,176.67823150513985,173.06508669698434
4863078,2760419,89.54022524441736,2.516911036474216,6.205924995406333,25.916888861136346
4963084,2819463,4.47557699309888,5.504481828685787,6.770202381847634,8.892178827306703
5055393,2877270,2.4681567258498798,0.9477246448427169,0.9477246448427169,0.9477246448427169
5161003,2937357,0.966848659325699,1.205917980481913,1.3774604609756536,1.205917980481913
5263968,2996855,2847.9082777077233,2847.9082777077233,2847.9082777077233,2846.6654966262563
5360800,3052457,98.13090194400273,0.9411890814755817,0.9411890814755817,1.4071917660170703
5457549,3108044,4.838669202968172,3.5288025083850014,2.6209869006701125,1.1597082743396172
5549122,3163885,1180.1791935321298,56.97479866296377,56.97479866296377,51.458343823754575
5641027,3217698,1.183930655424679,1.183930655424679,1.183930655424679,1.183930655424679
5730502,3278015,1419.652046094384,1.0383068024146525,1.0383068024146525,1.0383068024146525
5815866,3331341,1635.4902521843012,638.0552605745364,638.0552605745364,638.0552605745364
5914383,3381764,5.52687018147761,0.9416158213776542,0.9903713023377934,2.5631470835955255
6004326,3433975,628.5112315138924,1.212208484899161,1.2122051553559778,2.6738432716578435
6091342,3493418,1.421658705890402,2.7637075871988386,2.7637075871988386,2.8568359911740284
6174196,3546529,453.88708212950854,453.88708212950854,453.88708212950854,453.88708212950854
6264728,3600387,4.717392172144241,2.51360009831031,2.51360009831031,1.0550669485883546
6355787,3649939,1137.2142504004466,32.496110628678714,28.409300231433786,14.892102636737322
6452837,3697942,1041.893020651045,1.0868387141222065,1.0868387141222065,2.545283495459336
6542554,3749850,1.1515757295381812,2.904500967853125,4.437625084812247,5.125281001217579
6632190,3799247,741.0587306704452,0.8559432752114904,2.8733244728758756,17.905145985039642
6712233,3848097,1082.1269861842725,245.6061940455533,245.19836187507292,244.55689490897961
6797390,3898909,765.4218123883495,527.5553433513813,102.15121473473242,97.19239917186606
6884970,3948022,722.1987199292689,2.4002732344213964,0.801704317961164,3.968358862937519
6975114,3995377,184.23306986777717,152.45269078554745,158.42783313717882,158.02834423794647
7050334,4045388,1284.2774075692919,5.87744319142738,7.910649994010079,13.198135241356042
7123262,4091803,834.2638411992194,1.067777953434546,1.067777953434546,7.770844148295284
7200224,4139048,1076.5650178783815,4.265533766449992,4.265533766449992,10.049909023660913
7284734,4187566,324.2653910217288,328.55695031364604,296.07103266953317,286.98460708369754
7372060,4234683,15.817844186572584,3.1184215607509223,3.562865505939441,8.227276107419227
7470527,4285372,1046.6508432451783,1046.6508432451783,1046.6508432451783,14.410251169004075
7554890,4327624,3355.1419964513866,3355.1419964513866,3355.1419964513866,2673.409541737975
7626151,4371662,1004.6647777088853,910.375031820029,910.375031820029,17.8146456027849
7700771,4421012,162.44174603855907,65.11242376367498,55.8486143975729,51.323455286799195
7785562,4469972,784.213545732241,2.9430578802223186,2.9171689906194804,0.931663641985232
7869050,4516949,1069.0282080892703,0.9676222562024449,0.9676222562024449,0.8683147379913075
7944628,4560263,954.8880036908566,132.41210794171806,7.927575833051004,4.052608816335288
8026188,4604862,1235.3597147625296,0.9462449269275601,0.9462449269275601,2.9085185117711623
8100641,4654460,749.3778284014581,749.3778284014581,749.3778284014581,749.3778284014581
8179091,4697952,3.5662262919984853,1.2227226902210362,1.126995029919396,4.865485802322008
8260765,4742470,1270.7045758658558,1270.7045758658558,1270.7045758658558,148.94069720095305
8339028,4787459,710.2985663537689,1.1415321662000126,2.580475113218794,5.8306363650753195
8410513,4833292,926.2290916795212,1.2661291407613964,0.9225651925869046,0.9225651925869046
8488420,4879477,273.8673708360749,273.8673708360749,1.1097423305526906,2.5217390470435856
8561921,4924625,0.9577487512118297,0.9577487512118297,0.9577487512118297,0.9577487512118297
8644038,4968444,193.55936006500136,189.43352039622025,191.08101646808078,190.9069709441251
8732471,5008673,4.853301050389473,1.1682789354315672,1.2917574848428488,1.1682789354315672
8806600,5047444,6.303442276713463,0.9967411630918271,2.4234172951343007,2.7782465972673593
8878897,5089679,2004.8735033105434,2004.8735033105434,2003.61279934663,2000.2000469438397
8954746,5128657,9.637684759203829,10.55560875980237,6.0255828257146025,5.651377939461582
9035624,5166907,482.871972516691,1.2786432142355206,0.7980947677792938,0.7980947677792938
9111731,5206333,870.245225526562,2.3485425401389692,3.97499375090793,6.022999853550916
9187604,5251152,102.30053958735634,103.71437718916398,102.30053958735634,11.519821071628757
9262342,5293336,1.2045288399440481,2.771085816084107,1.3286479058868823,1.2045288399440481
9336845,5334901,135.16457849825255,2.6229965403536717,7.543712486572493,19.92556456849268
9406210,5374472,178.51371100794353,1.1019058117626743,23.56946239825495,24.800813438457194
9475827,5414027,382.09392611408725,382.68245587460194,381.7318074360736,379.2521387674753
9542454,5457265,1.1419570906337788,1.263294259667902,1.2091497255169033,4.204566861319323
9618320,5500393,869.18290053082,1.2461464346934699,4.250059021122336,4.202893037441235
9692480,5543535,3.5537603475713877,2.8542706338247,3.5537603475713877,8.673927073609224
9755953,5585462,1.2579968345271502,1.11305710908762,1.2579968345271502,8.597054808441518
9821916,5622988,155.66555409482484,1.106668462055721,1.106668462055721,5.767971044715797
9898563,5662021,1.3931703199271193,2.7041088517669727,2.7041088517669727,4.0849211392375695
9980528,5701991,2.494177317025599,1.135349310441557,0.9856604764253807,1.135349310441557
10050921,5742550,88.1943524676563,11.113172868258866,9.461947685364425,12.678564376636938
10118255,5780854,1030.3225985373858,1.2152887310054912,1.2152887310054912,4.919456571019977
10182163,5819745,5.831290061896985,5.831290061896985,5.906886394230169,11.952381613654692
10250314,5860190,2.8776758609913267,2.8776758609913267,2.8776758609913267,2.777532157456439
10325230,5898222,5.8148852019854385,5.8148852019854385,5.8148852019854385,7.47027196969408
10388588,5935626,14.060697286216186,12.64504520588365,9.10630303114881,2.6100794798795683
10461290,5975386,704.1299878180886,704.1299878180886,704.1299878180886,704.1299878180886
10523339,6015783,161.20982873810775,385.33391729171586,390.3132899232879,13.118995987529216
10591373,6051780,2.4302557924383836,1.0159406038259138,1.0159406038259138,1.2856205119977675
10653720,6090578,4.722483979123168,4.139880233564103,5.770357415975913,9.0607911084479
10719334,6129057,1.2963848483025358,1.0546456170073677,1.0546456170073677,1.2677146984694911
10789684,6168410,769.6278579714019,769.6278579714019,1.2059229571271295,4.128427065091517
10850667,6205698,549.8401986527638,549.8401986527638,14.664627295552924,19.484865688692558
10913474,6246528,721.4526751451782,721.4526751451782,721.4526751451782,721.4526751451782
10978509,6283650,80.50298341654081,9.282577362048233,9.377249006528082,7.047795433459708
11054451,6323025,132.04015126809813,130.23861773532832,131.95734358283866,4.179732566188686
11114399,6362721,810.8488754598983,809.455008142518,15.433555704988041,14.134588366002966
11181627,6400271,162.8920608131568,5.571516892970793,5.775248787181885,70.75819649094448
11244677,6438804,2.396072882702069,2.396072882702069,2.396072882702069,2.3606009403250483
11306469,6474948,308.8840057316895,2.36204788675802,3.375343760528166,5.714328087942763
11366567,6513711,3.5338167261629554,4.287210848572117,27.44792271956942,38.262631530969884
11427189,6551908,1061.0995045388674,5.031480942937148,7.3205618316026335,11.272847649805051
11494741,6587344,162.46314490845248,1.1687478739474582,1.1687478739474582,1.147620404737754
11557421,6623698,111.90122548879229,237.85578126445455,237.9341124760178,231.10670670086327
11616007,6658663,9.345243240873774,4.358470775107335,4.8773647370287385,3.4975794576749446
11669648,6694835,561.844672708855,560.9841043172984,3.3759220094802638,4.7431223696252856
11728256,6730216,112.38189441663921,105.7734719646868,102.16352366640778,97.1206567719783
11787944,6768469,4.4909462868009005,2.4274047803925174,3.9821305324710057,9.055294655959583
11842426,6803322,338.0246142656867,349.2325920352706,2.5389666967995397,1.2379804723416161
11899947,6834891,189.6877293283807,1.0740964277132945,1.0740964277132945,3.5563402664057064
11956131,6868640,729.1258245294858,1.312567118249972,1.1518685402741276,2.661354806159691
12017596,6904361,522.5278501443144,522.5278501443144,522.5278501443144,4.209946750703692
12072494,6934252,1.1501817592122368,1.1795056613165542,1.1795056613165542,4.231993503139989
12125195,6968767,2.6113712591255074,2.6113712591255074,1.1648795362825812,1.1648795362825812
12181986,7003877,454.1631078653896,62.13878667146148,63.94415326472858,73.61310559555528
12241571,7036380,2.6499782343094984,1.2311324598769555,1.2311324598769555,1.1153303499772842
12307120,7066609,973.7155267445263,1.2547227258432627,2.671023237407465,4.227550200477068
12365753,7099341,1386.0218113933104,0.9942026633644402,2.4265191798681034,5.789660945311304
12417474,7133372,3565.975191380203,3639.2566280333535,3639.7396167975553,3639.7396167975553
12469884,7164620,550.1412565391806,10.877484244981153,9.563755297536993,7.376809307195917
12532696,7198395,4.926086695343468,4.200963199301509,2.4278341463586126,2.264961561066927
12583796,7226610,9.473648505105832,3.571754777087725,2.576753066544526,1.3896583953025132
12634279,7259062,263.7756591264588,2.6369398698650484,4.2584452958174435,3.4641936080169122
12691937,7292326,1703.2517689638669,1703.2517689638669,1703.2517689638669,1703.2517689638669
12745892,7326388,533.8917961438385,533.8917961438385,533.8917961438385,10.030175234844325
12797098,7358370,1.0878751370740785,1.0878751370740785,1.0878751370740785,1.2560659669452392
12853020,7390772,1531.1386251956394,1479.9141025675287,1537.582761317323,1536.744388545045
12917382,7420977,162.07395642996318,49.492747263166926,50.75357343770628,48.25591714148109
12977508,7449221,689.4258737244311,688.0259914625905,2.397210440001529,10.354826530340143
13039286,7479583,747.404538797885,1.2065906115175198,1.0444654862854588,4.7015867588696905
13097824,7509022,86.49095300910724,1.2996832702855492,3.6433651206902966,7.261117126912287
13155349,7540474,468.10913306221664,468.10913306221664,468.10913306221664,6.265132198374928
13211163,7568625,154.66104966757993,1.0324973018490948,2.4670828119349872,1.1200183391384142
13265012,7600578,968.2819901700664,6.470246184179586,9.615671129248833,14.28551657338927
13316140,7631495,518.3298707922743,1.0952842511256886,1.161390688261999,2.57536325006978
13371165,7666611,448.27920252295235,445.18863053352436,445.18863053352436,444.4405334475446
13418091,7699738,1.0529836700070134,1.1300458622543852,1.0529836700070134,1.2263393007951517
13474771,7732001,1318.2128083662453,1318.2128083662453,59.73297084489705,54.02707574600717
13532574,7759148,486.68556678662895,486.68556678662895,1194.6560826062184,1187.4074252907146
13580395,7789873,872.9892252424461,15.874499201752121,15.874499201752121,10.988768278975101
13626852,7821379,7.850393618930039,6.199572684247161,6.199572684247161,4.553615669465657
13673079,7849977,457.8060342337486,457.8060342337486,3.603888492195255,11.105458245525353
13721716,7880893,181.7023594380379,181.7023594380379,10.596522452229577,17.766290088511177
13776535,7909976,1.2619481763930231,1.0865601686047877,1.0865601686047877,2.5101395856024755
13826982,7940482,581.896719311592,581.896719311592,581.896719311592,21.905701157688085
13879750,7968500,559.7600309247407,1.2456082665543058,2.761351324598725,5.9225283998989084
13931118,7996331,6.077444376206683,2.9077119206116673,1.401616647905456,10.76496899131306
13983997,8025746,285.46876404045844,285.46876404045844,285.46876404045844,2.64542587748779
14034933,8055180,1781.9835153618167,1781.9835153618167,1781.9835153618167,1781.9835153618167
14088498,8084217,551.2730269468334,1.027763528706393,1.3736436818147482,2.7296528419849952
14130316,8109923,1.089729896133703,1.3461676220515542,1.3461676220515542,3.664179127286668
14174744,8136845,28.626835673123903,3.6145904708117493,4.319958051804683,5.937019139551378
14233330,8167562,0.9455452262821272,1.4014193439258393,2.8508690993600148,6.452202180501131
14287597,8194454,1.4733664098888508,0.9277220023687701,0.9277220023687701,0.9277220023687701
14335799,8223024,769.9748602813348,1.2195451999602436,1.2195451999602436,1.0637836270787688
14378078,8251771,751.1150718745608,751.1150718745608,1.1858459841329885,7.156296528619559
14429550,8280408,2469.4292856809643,2295.8680862147485,2296.396680405154,2294.623406932106
14474652,8306408,3703.011473988668,3086.0397952892376,3086.0397952892376,3086.731619827871
14519541,8333763,1530.7775535420221,1530.7775535420221,1530.7775535420221,1530.7775535420221
14561807,8362473,878.1157010745654,878.1157010745654,1.4848547046102578,1.5411980640653298
14608858,8388248,446.785896897331,445.6598094064456,444.4434444134024,47.55629631211703
14656307,8418955,1.0383085638355927,1.1273765998816891,2.637909024031541,2.637909024031541
14702020,8445478,2.5642267287334737,2.490945859418871,2.490945859418871,4.688759211112591
14745621,8470586,2.628857151421702,1.2594149215682258,1.2594149215682258,1.211402145518804
14792227,8496867,1.2289400451292083,1.019129685953834,1.019129685953834,2.506591026609514
14840507,8520731,2.909597948149328,2.909597948149328,2.9563606468771457,4.5618389523636385
14887593,8547162,1.2014633958013239,1.2014633958013239,1.1358233795887447,2.575144249275486
14931303,8575306,11.676108636229433,2.4882211611381146,2.4882211611381146,3.752499113687685
14980356,8600493,1214.1578762594434,5.7850396271463005,7.044336744620413,13.00744378561554
15020206,8627300,456.75383826999985,7.361281643320414,4.064523432716409,4.6008315588609765
15075264,8651442,3759.963359107436,3759.963359107436,3759.963359107436,4141.379730112514
15120042,8675949,159.87171131029277,6.519800538860103,5.833243778341434,0.6027132415782148
15160903,8699877,1334.9035890483267,1334.9035890483267,1334.9035890483267,1287.201863441487
15206067,8727112,1123.0357157143196,1123.0357157143196,14.452856899927134,15.546123402489311
15247173,8753417,2.476697004714939,1.2260219075195875,3.564973768527473,2.7649762955996233
15291451,8778106,917.4793583979215,917.4793583979215,917.4793583979215,4.802614657824763
15341007,8801029,3394.16338226927,3217.838359349258,3217.838359349258,3215.8008129295044
15385189,8828920,827.1745700829689,827.1745700829689,827.1745700829689,4.220298013039705
15430889,8854968,764.8980783678559,764.8980783678559,4.464738216390107,9.385226760177876
15470983,8880008,4.719131540411324,4.719131540411324,4.719131540411324,4.7596867445909155
15517901,8905817,3221.830484401127,3196.9538623350163,3199.1270757793955,3194.2208552146326
15562043,8930302,2.6571762885349197,2.6571762885349197,2.7314588687389527,2.7314588687389527
15608847,8956448,1.1914226386571154,1.097552059545092,1.1914226386571154,1.2467729265691856
15650347,8980664,2.6161584337880623,1.2278384755309104,1.2278384755309104,2.5869149959545554
15691936,9004656,1.1380519968675085,1.1497654796613996,1.2064672489248338,1.1953095465532644
15732682,9031681,396.3487308245788,2.9963082992669583,5.230542774516578,6.264784186757028
15770874,9056171,0.9183516078090709,2.337916508674795,3.2487166959499443,7.7069329334698065
15814214,9078891,1108.9964388816252,143.40734728797395,143.40734728797395,143.40734728797395
15858520,9103762,2.5315345900306974,1.0908688416619088,1.0908688416619088,1.0908688416619088
15895667,9128478,303.3910588150934,249.25626812404965,252.5843632969724,251.02879225839578
15939153,9154955,1.1735972647041797,0.9784035113575547,0.9784035113575547,0.9784035113575547
15981083,9178761,20.63025213266115,2.78324144589324,2.78324144589324,1.271229648043039
16023780,9202243,606.8044283289978,606.8044283289978,1.2844883838622403,2.765335745752084
16067890,9227949,7.4651511951469125,2.615959684425732,1.239980388255308,1.239980388255308
16113365,9253598,714.9641873385302,2.7124293416531695,4.157396159683067,5.747024858391267
16151289,9278432,2.56760949270494,1.1199113943757264,1.1199113943757264,1.206520354666886
16190590,9299510,633.6661116710303,1.2208329773477264,1.212087825821947,4.232101423951765
16230920,9326278,17.274873082198532,1.1462143129567666,3.484065846194368,8.459888060854926
16267749,9351824,7.132098696186257,6.279677849781991,4.823144233392424,4.375894603196083
16309891,9372972,659.2354955160453,1.2877784983473992,1.3488461304100887,1.3488461304100887
16349839,9395922,2.85053650013411,1.4179547165864033,1.4179547165864033,4.589605410968766
16388583,9419077,826.7408110850256,826.7408110850256,15.176400045155175,11.73804584798105
16427321,9439819,655.5356791936456,1.1559858677615409,3.492552273739181,4.345734417026375
16462749,9461455,139.68757541704866,111.52286922631738,111.52286922631738,109.90409927962148
16498961,9480893,1.0841219082169087,1.234865560545476,1.2629982462624194,2.727531834373085
16533631,9501405,886.1745334222466,1.228777813438869,2.492872721435571,5.691822262905697
16566013,9523059,224.6252935622864,224.6252935622864,222.9677978152591,218.03554960511224
16602584,9543673,653.7423192988327,17.593079227871115,28.208292839839864,33.93998816773907
16637109,9565073,521.6590550142552,2.646286905407812,2.646286905407812,4.899250855226332
16669220,9586137,158.90514111872278,1.1154087580260887,1.224628319235671,4.3023684796175194
16707333,9604098,724.0687167969542,724.0687167969542,724.0687167969542,132.46563880100675
16746257,9623455,411.442366427487,411.442366427487,57.11220287056228,25.681008266126327
16783196,9642736,869.26152048855,869.26152048855,13.158002780834627,12.305449214016672
16817419,9662874,817.1645933206727,5.5746349251331,4.603085451781695,2.579983676832442
16850749,9684469,722.996495382832,722.996495382832,4.362347706941353,4.347341768221975
16887424,9704253,39.1749499496893,65.09323356869801,66.58769930661921,9.150808514491759
16926184,9722871,848.2831999629092,0.9808866034633184,1.160165136553524,1.160165136553524
16957500,9743417,40.966298922518575,41.497290124396386,41.497290124396386,27.54253359357643
16989050,9762301,1792.2406620935137,1793.8255006157508,1793.8255006157508,1795.4104703793714
17022321,9782373,2.691743149222413,1.0923447381221543,2.5509104195679146,11.475503791138506
17056006,9803870,176.6644390587243,3.721354807452405,3.721354807452405,5.043607974602989
17088453,9821989,33.958185362578575,35.71196404007675,35.71196404007675,37.52098801587333
17122549,9842105,759.6101739126011,1.2556454273116628,1.26400134905154,4.2572156909885415
17153358,9862271,408.0073409422653,1.0406857839661374,1.0079630922125795,1.3296918465895324
17186809,9882817,338.1342173299447,338.1342173299447,12.838900470133284,11.280593486305563
17219533,9904386,1.115337898145865,1.115337898145865,1.2289523618104397,5.917023799753488
17252239,9925107,1.259258871441757,1.1987690591705398,1.1987690591705398,1.259258871441757
17282014,9944412,279.3563403657822,279.3563403657822,279.3563403657822,279.3563403657822
17313871,9963152,348.7612872279897,348.7612872279897,348.7612872279897,1.160173636505682
17344823,9982427,1.293846403880974,1.2733650324354853,1.2733650324354853,1.2733650324354853
17379158,10002434,2.7066479664184215,1.222732830529037,1.222732830529037,1.222732830529037
17412194,10021435,152.5671788153003,2.5811179233644883,2.337527842052949,7.578588892460704
17443384,10041199,126.45152474178285,127.7793292650841,127.7793292650841,127.7793292650841
17479485,10058986,383.8235740386957,383.8235740386957,383.8235740386957,382.4545053323459
17510142,10077362,0.9798930582029719,1.0712745113466189,1.0712745113466189,7.989637576971668
17536971,10093794,1.236534401124678,1.2457602092529316,1.2457602092529316,1.1119926473650221
17567216,10110413,593.0374429204387,593.0374429204387,525.7763125043618,533.9074801565811
17599176,10129434,607.0180977323813,607.0180977323813,607.0180977323813,606.0664383459688
17633347,10146632,1459.5840115571978,1459.5840115571978,1459.5840115571978,1459.5840115571978
17669637,10165618,1042.0734011483946,9.403120049908336,5.827922927498025,12.236783067865643
17699372,10182757,619.0449839457056,3.261755711813189,3.261755711813189,5.59993660252616
17729173,10198250,1075.2543320813643,376.9971395753909,376.9971395753909,4.919255229453603
17757919,10214072,615.4241439850198,1.156171616440383,1.3127650330033471,3.656695331364182
17788647,10231926,525.0827282721315,1.0168835215983627,1.1825547146703306,1.3271926393750397
17823213,10250252,528.3239571721908,526.9229436418001,2.737572840994063,7.07304818713761
17853235,10266031,1.1236228515278537,2.6597953507819825,4.244633719066246,7.536382061610966
17878050,10284004,619.5337097643157,1.115454807373933,1.1307598385980193,5.880870771644311
17907468,10300353,1008.9767779502287,2.6713576139182194,1.0590592389326035,4.13350120686637
17932993,10316089,2.661246252910055,0.9870318569078563,0.9870318569078563,3.324974641503181
17963598,10333667,1.2956269491947054,1.4192393005476887,2.800807721024394,1.4192393005476887
17991263,10352043,1.25656274660528,1.25656274660528,1.25656274660528,1.25656274660528
18021832,10369172,2.60520416781042,1.1124633156058819,1.1124633156058819,2.657591243909044
18052809,10385645,4.000063682441558,4.513934596300312,2.383783577807075,4.462953381728648
18079516,10402165,886.2459436198399,886.2459436198399,886.2459436198399,7.296698568439818
18103755,10416348,174.75127536866188,174.75127536866188,1.2997210433123376,2.4198181996467616
18130967,10431576,1.4481659630609502,1.4481659630609502,1.0617103237213301,1.0617103237213301
18157149,10447809,7.882190376090019,6.324586979572835,21.215431088062225,10.09992727524036
18186894,10464248,478.74831490665633,478.74831490665633,1.242535692880048,1.298178010793181
18219526,10480760,3.536777522096125,1.193140063277094,1.193140063277094,2.6569404362682856
18245740,10496063,2.6710367239312456,1.2582605339614472,1.2582605339614472,2.692884415749632
18270342,10511936,2582.9222894836507,2517.4215116129626,2518.14321325866,2518.86579882748
18303549,10527840,1.3553271762189087,1.3553271762189087,1.3553271762189087,4.449349023880332
18328240,10542006,65.61112624624928,78.37099804683527,74.67593559847774,73.01682467281853
18353689,10556853,17.63432473648121,17.63432473648121,15.290248831199209,13.157818385112703
18382237,10571412,10.004578705900219,1.1832290291431915,1.1688078074516157,2.612830867549196
18409107,10585046,1.151580490978459,1.176532743873463,1.176532743873463,1.151580490978459
18439248,10599969,1270.6367726267279,1114.694629182767,1113.1346063777653,1107.9823951686644
18465945,10615899,1.3007030237498831,1.3007030237498831,1.3007030237498831,1.3007030237498831
18492314,10629545,662.3793168120634,662.3793168120634,56.53229510208587,50.84123333457087
18517634,10644190,20.032813789465774,1.1992887947610458,1.1992887947610458,3.5247784527540156
18541320,10658126,452.08983780345847,506.0361593766249,506.0361593766249,505.352280826593
18563130,10671821,1.2153637521503609,1.206830916377923,1.206830916377923,1.206830916377923
18588077,10686468,2.526170843132644,2.680739225460893,3.6723125081520984,2.8438211353485485
18614771,10699541,194.40143678229788,2.508513539260376,2.5779133065635977,3.5345900117133753
18637879,10712976,0.9949961547893315,1.3555452703656028,1.1009080933162176,4.055251905486894
18659891,10724729,4.844011427580921,1.1351348861641222,3.472447864520157,4.752300179237591
18683119,10738474,750.0826392113693,20.46244252406948,21.151049911415594,17.654251255309834
18707833,10752748,11.621145341396955,4.168179808914337,2.5990190834529967,4.299466353448246
18735025,10765404,123.74600132525434,123.74600132525434,123.74600132525434,123.21139344670794
18758586,10779614,3.6274908426931476,1.2853496666174247,1.2853496666174247,1.0899395146699244
18781831,10790948,2.678400014630029,1.2295939226630859,2.6662380639038914,2.6662380639038914
18804468,10803576,1.0089832529171676,1.0089832529171676,1.0721657893360474,1.3462594621802266
18830772,10815303,574.3094864815228,0.9710092155598496,2.6517455148782076,5.786420839545095
18851478,10828975,2.4719343780636516,1.1120394098911917,10.661711621359283,10.661711621359283
18874184,10841480,209.0863667646838,208.44798642217043,206.28520217936614,198.06022576789408
18893514,10854575,684.9087724235225,1.1347970772453693,1.1347970772453693,3.4762630593991717
18914272,10867429,1.380108282117321,1.380108282117321,1.1806140597202381,2.804254057725168
18938111,10879047,508.03638180343773,508.03638180343773,506.5527483996742,15.186257978524164
18959269,10890836,1.0816232533971766,1.2639820609783499,1.2639820609783499,1.2176753696769935
18980322,10903746,1.0975646803730958,1.361617868171974,1.361617868171974,2.8280825495395576
19003244,10915959,630.7837457622105,0.9717038045307084,0.9717038045307084,3.3153775355340778
19025611,10927309,175.98387158260354,175.98387158260354,175.98387158260354,176.3559530329663
19046137,10939632,262.1863069374681,2.467142731356224,1.0799810276081205,1.033677277298457
19066718,10952276,86.78830903251608,48.097298025473854,14.716332280829548,24.624966001497153
19088975,10965326,3.4190116600792813,2.4884360543143083,2.5795890811877116,2.5795890811877116
19111198,10976368,1.166370180659293,1.2343358973607677,1.1810127327038442,2.6001326386807437
19128727,10986793,568.9950057229663,9.4509051780884,5.85319698725905,5.85319698725905
19150921,10998738,1.4458803571160863,1.248159863952674,1.248159863952674,2.5534151211338156
19168884,11010357,480.2232002478573,480.2232002478573,10.790208359450563,7.495997196108946
19191987,11021899,708.1673503460657,1.1297415515608036,2.472698349161054,4.010845213803298
19210371,11035080,2.600795636209403,1.1726507055548188,1.1726507055548188,1.1941729849644038
19231126,11048198,173.2149723070293,2.7201680965927326,3.6780659784291396,6.044879853635537
19252268,11060258,615.9839933293318,614.9082732912457,614.9082732912457,614.9082732912457
19273523,11073517,1.0672107642782762,1.1821014658972158,2.674038450119586,11.148870983821281
19291384,11085165,1.1935087659908834,1.1506990624579065,2.6001066400535944,4.203645948997383
19314195,11094967,971.4912381666251,971.4912381666251,971.4912381666251,52.31297961749066
19333270,11107514,468.1297605951048,5.096656156746706,5.096656156746706,5.096656156746706
19351414,11120068,143.50454183874308,219.0738458646494,219.0738458646494,193.10316142130392
19374874,11131131,166.313583571381,2.585467067176503,2.4397930555682796,3.9858553376567913
19394788,11142790,143.19994931481375,146.79548638459787,146.44006367849516,146.44006367849516
19408902,11153148,4.8887051093478515,4.8887051093478515,4.8887051093478515,4.8887051093478515
19427584,11166471,846.4224827157243,11.687081427395919,13.32403198616317,13.66647041332191
19446213,11176939,355.6518084192741,351.6083547791683,351.6083547791683,271.5560299222176
19462987,11188792,2.740311240087439,1.3161190002463972,2.740311240087439,1.1576326028062067
19481408,11197378,694.5730240769391,694.5730240769391,694.5730240769391,1.2057480049577356
19497330,11207141,2.4737591559475653,4.146928132289442,2.5643056542531872,2.7712400333841054
19515253,11218433,154.1339111102746,11.058985614718392,7.519155617797196,9.188831492147171
19531845,11228086,140.24413045663465,140.24413045663465,140.24413045663465,140.24413045663465
19553444,11237694,762.1234250337565,762.1234250337565,762.1234250337565,15.255160253295033
19572112,11246658,20.591921235011952,2.5899506426227865,1.294124513001472,6.0100666928186675
19588595,11257278,1.071120401470466,1.071120401470466,1.1804303324522345,2.7131645683700913
19605496,11266879,506.25378414440263,506.25378414440263,2.5549667181370594,4.172469640741362
19620393,11276232,4.855584019100249,4.855584019100249,4.855584019100249,7.166509198654392
19639304,11285712,698.1849782877001,698.1849782877001,2.544997032710006,6.233088554633625
19656440,11296546,723.1436383657664,1.1374396074342032,1.1374396074342032,1.1374396074342032
19670585,11305371,829.6054065539665,1.1451127518603814,2.48633330693129,5.81635861511582
19684745,11314416,1.2138229253711426,1.2138229253711426,1.2138229253711426,1.1524394165501086
19701990,11323149,2.823515462664946,2.823515462664946,2.823515462664946,1.1996085676907968
19718167,11331342,5.781493387800926,5.774336950593356,4.139398346089672,2.6195590275386613
19733768,11340440,16.980916758239076,19.41973641584974,17.77787377730547,14.885613885099318
19747928,11349111,853.8788821098404,853.8788821098404,853.8788821098404,7.045002986316082
19763728,11357577,376.28474963869326,376.28474963869326,376.28474963869326,376.28474963869326
19777400,11365858,649.878665735937,646.5406557790642,648.1789533802532,649.8215762953919
19788656,11372872,6.050907967707632,2.830505916645484,1.2085418882953416,0.9468069969511522
