FOF_Halo_ID,Subhalo_ID,sigma_0_projecty,sigma_3_projecty,sigma_5_projecty,sigma_10_projecty
0,0,1767.9864167431379,4.428195873200774,7.854075511705528,12.696984636683302
262218,151738,1257.9056114265243,1257.9056114265243,1257.9056114265243,13.764706176463143
488885,281538,1202.4983212656878,155.17229003014353,2.6210606788162396,12.450386909842615
708444,401947,590.4113967722515,4.448352032192394,6.084412575320168,8.728046477550944
905707,515440,2723.6731062287204,2972.1146593470176,2723.770116346078,2724.5717196673277
1099467,629105,9.20996963801922,6.050267175551204,7.71310801537785,11.757244410469264
1289969,731681,1338.02058077545,59.778341743792865,59.778341743792865,51.91710726515146
1467438,830848,1547.4429336122612,1547.4429336122612,2153.4044509797764,2163.3182515355425
1617102,928389,41.36375000021741,47.264846555075664,45.54765594657664,33.94545626741026
1791552,1014414,770.0956625555007,1.0018811716165714,2.459036495992137,15.070707650027853
1954520,1110520,817.0763786575517,817.0763786575517,817.0763786575517,817.0763786575517
2106983,1194856,841.0510903068824,839.4584073963932,841.0510903068824,95.91041818122967
2249928,1278811,979.1390583628861,212.58384775928894,210.27278386278945,211.11169826285774
2412912,1358970,800.8734493848797,54.18947984427761,52.72466946168274,52.72466946168274
2560083,1434922,3.6226000874104956,2.83486610435965,2.83486610435965,1.2969204220796358
2697771,1510099,1077.3759665188024,1077.3759665188024,1077.3759665188024,9.594739790405942
2825627,1579820,541.3242469350835,100.47955193261195,100.47955193261195,93.66514657241608
2952601,1648682,1490.5492784901173,1490.5492784901173,2.504161339604348,4.721803752325579
3080297,1717913,5.011091414356141,3.6849756526062154,4.270249454529044,6.318045547479293
3196088,1783556,7.276990576934365,5.611962557624534,6.059240535903877,4.585088988346892
3298239,1850099,492.24946436421965,4.898118290041976,2.719534789282716,2.7799271218862467
3407987,1918602,1.2050936061852964,1.3848163766445236,2.818535487405726,5.035787125748259
3533783,1986010,166.41956716006837,167.57105781843083,167.57105781843083,2.5925391556340993
3637925,2044071,1305.5401151706246,1305.5401151706246,1305.5401151706246,1729.7275269948766
3741376,2103793,7.275632582609113,6.023333394336326,5.012080763707527,2.7757831261352255
3846078,2169273,1224.1348631695032,1224.1348631695032,1224.1348631695032,886.9198158579834
3958049,2226258,136.33662139765468,6.395214881585576,4.730878595866472,5.875043021472261
4060554,2284021,1.207460152722684,1.1462370968964644,1.1462370968964644,3.4869964635256263
4164126,2346051,851.6028167946268,1.2798913963241525,1.1447136273865315,1.1447136273865315
4268069,2403409,1.374919507519052,0.9790079865058381,1.374919507519052,2.807514592104358
4365334,2465493,2575.606850705087,2575.606850705087,2575.606850705087,2577.2114474309346
4471204,2526359,1183.6702405330175,1.3090857395143582,4.362754282708493,11.696574550657063
4578137,2586070,164.6206245904466,164.42134158591207,47.19214232685759,49.377294427947994
4679229,2641258,365.6425538799975,365.6425538799975,364.1723670805022,364.1723670805022
4770290,2702220,2497.2560157893745,115.65482018263181,112.84033708647767,117.40683676376108
4863078,2760419,1.1646967003899242,1.0276477612067574,4.696470948271296,18.05957151566841
4963084,2819463,4.0018760106539215,4.0018760106539215,5.547253779928282,7.517873554690306
5055393,2877270,1.2872463904119236,1.1644424385420764,1.1644424385420764,1.0569821335322906
5161003,2937357,1.1537073607858468,1.2203154988727771,2.573431563223614,2.573431563223614
5263968,2996855,3374.2777980114533,3374.2777980114533,3374.2777980114533,3374.5127817234084
5360800,3052457,2.29428566569859,0.8266296962998068,0.8266296962998068,2.29428566569859
5457549,3108044,6.378573525122126,6.378573525122126,2.6874668343292516,1.1982951233153627
5549122,3163885,1274.3900051371697,86.29853719803693,84.66261059955933,77.16171131889197
5641027,3217698,1.1312711312895234,1.0994211767134034,1.2174114393738262,1.2174114393738262
5730502,3278015,986.2841360494344,3.671865696839925,4.265247711037948,9.500681722926904
5815866,3331341,1345.9496884113971,1117.9534210462734,1118.8695291283816,1120.250670516971
5914383,3381764,11.152048249797813,1.3312847978735731,1.5370844206854868,2.906480778592712
6004326,3433975,589.0627071566299,1.1583360651506307,1.1583360651506307,3.4996992035005174
6091342,3493418,1.1905403211519787,1.1905403211519787,1.1905403211519787,1.1905403211519787
6174196,3546529,475.55487813911463,475.55487813911463,475.55487813911463,475.55487813911463
6264728,3600387,7.228734028978712,3.946676417352256,3.946676417352256,2.3407527269471395
6355787,3649939,708.9346642527923,14.169113045354399,18.75281456489635,17.866496622432525
6452837,3697942,832.5427787241529,1.1693148761412064,1.1693148761412064,2.599823900280725
6542554,3749850,1.2302939527344654,4.062128916648026,5.677725287651213,6.207971520024594
6632190,3799247,2.8533343094122596,0.7862328181690775,1.2776905001609198,9.48288582627873
6712233,3848097,1383.1427273077632,163.75473143116096,158.57635290433015,156.19874547336536
6797390,3898909,334.60289488972234,334.60289488972234,11.674433768913492,85.31105259356355
6884970,3948022,686.6424988303947,686.6424988303947,7.90957160670487,9.156854702427236
6975114,3995377,374.89057571134344,39.275514496784254,38.358936311952846,30.738847841153607
7050334,4045388,1345.6802297704037,4.8200920771089795,4.8200920771089795,8.520194711116492
7123262,4091803,511.0709713528563,2.689290929009901,89.04517450091444,88.48983290183035
7200224,4139048,1118.7199235895712,1.0950743528104976,2.516599543781537,54.047359784161934
7284734,4187566,470.27522044841044,358.11175978283967,355.8392006275093,320.39353070745915
7372060,4234683,157.42902087155986,3.0527480020016604,4.575204303947658,9.640997386935519
7470527,4285372,1019.4692751061577,1019.4692751061577,1019.4692751061577,12.672421541915131
7554890,4327624,1729.7885916205112,1729.611707181343,1729.611707181343,1713.160291947533
7626151,4371662,977.3241236999689,978.8327945354006,978.8327945354006,17.600140809844177
7700771,4421012,157.64243548348958,98.84115100510915,98.84168176438945,102.31935618334873
7785562,4469972,912.3263213411999,1.245370408648548,1.1133779516251372,1.3048609967684568
7869050,4516949,168.29856551887522,1.0667941554436489,1.0667941554436489,0.9776131256830624
7944628,4560263,796.8337799998669,395.06128594474575,35.27010012703784,26.004607192310612
8026188,4604862,1335.3461715266546,1.6729941772844181,1.5493091033858684,3.848545161690477
8100641,4654460,873.6395441069735,873.6395441069735,873.6395441069735,873.6395441069735
8179091,4697952,2.687238627273042,1.1601237368986863,1.1601237368986863,5.897563844109874
8260765,4742470,1236.067070347975,1236.067070347975,1236.067070347975,134.4562326426247
8339028,4787459,1108.0084863730583,1.2037809308174081,1.2037809308174081,4.810124629223534
8410513,4833292,937.1092514515875,1.3290722265869233,1.0072122498843983,4.628076629648372
8488420,4879477,1171.351671267748,1171.351671267748,1.0653082123919138,3.4070160269172733
8561921,4924625,1.061751389296131,1.061751389296131,1.061751389296131,1.061751389296131
8644038,4968444,348.2304627503342,348.0000217889679,376.33619452789213,367.66239628340685
8732471,5008673,1.2234644986422922,1.2328632972303513,2.652872242783711,3.4666666222917106
8806600,5047444,5.874374867687192,1.1612859074517483,1.1612859074517483,1.1612859074517483
8878897,5089679,1719.2807376509813,1718.5766544261223,1718.5766544261223,1717.107364842318
8954746,5128657,7.340260231364494,9.244952872018876,5.674110500377619,4.690183437393646
9035624,5166907,681.7506416259076,1.4873171057180044,1.2234130499007334,1.2234130499007334
9111731,5206333,1238.456380987924,0.6288308014098761,2.277204149661468,7.247379291932916
9187604,5251152,469.7484055891781,469.5615964940417,4.177876299652694,10.96258371509918
9262342,5293336,2.507530668701155,2.503361127305331,2.6773638693299424,4.295484267319726
9336845,5334901,97.33915552245608,1.1672987874267056,2.710990911161208,8.294181235458364
9406210,5374472,172.63360322779906,1.163774723302794,1.163774723302794,140.94940796378893
9475827,5414027,380.0860878883432,380.0860878883432,379.12326388858975,377.9528384490469
9542454,5457265,0.9196478576962912,1.441549361218718,5.121485498667407,14.401761332699964
9618320,5500393,491.1164455688866,5.7634478755851415,3.4193719977190615,4.171381501594986
9692480,5543535,5.094699458855476,2.728956323000269,2.5367029139868,5.645343643262572
9755953,5585462,0.9692237804056366,2.7685137460573084,2.7685137460573084,2.412218267202822
9821916,5622988,176.6556727849956,1.229399992882048,1.229399992882048,2.798438050205784
9898563,5662021,1.0859442727307282,1.0859442727307282,2.675684260342013,5.851085428634802
9980528,5701991,3.5490372977948628,1.2174126688333764,0.9588030777213824,2.556987051297968
10050921,5742550,20.669170267870822,4.071691374695675,4.071691374695675,5.593337392794549
10118255,5780854,1415.144543757553,194.3539239816854,190.65438610131514,137.8364156835185
10182163,5819745,2.221810612280143,2.221810612280143,4.698919331619199,9.627097764197115
10250314,5860190,9.448952166986476,3.835403310676033,2.940967933585585,2.8430545036253623
10325230,5898222,4.178940963528232,5.815168439310471,7.460798420529795,7.460798420529795
10388588,5935626,14.064238224781597,12.386627934170727,9.077680068050284,5.775705153677605
10461290,5975386,1265.5354208097663,1265.5354208097663,1265.5354208097663,1265.5354208097663
10523339,6015783,172.65319575658316,154.59663045457145,154.16616064534293,151.66444696429173
10591373,6051780,0.9409753440636496,0.9409753440636496,0.9409753440636496,1.2272405589997206
10653720,6090578,23.78830614501872,9.531132163476524,12.950144776876174,12.950144776876174
10719334,6129057,1.173132913889735,0.97641448667409,0.97641448667409,1.173132913889735
10789684,6168410,695.1563494529593,695.1563494529593,4.731798125009287,11.43375789461419
10850667,6205698,897.3058858879808,897.3058858879808,897.3058858879808,24.65892504855845
10913474,6246528,338.4515761387176,338.4515761387176,338.4515761387176,338.4515761387176
10978509,6283650,175.8449707330792,1.1318930879242608,2.3749968106654604,5.627409868134565
11054451,6323025,1.1980260439263908,1.0983573415447945,2.544052671288945,4.177914638977614
11114399,6362721,735.828116728158,735.828116728158,58.26518391383017,47.37839216819343
11181627,6400271,153.05412651173307,4.41691654697504,7.497038729087425,7.739061602472636
11244677,6438804,2.5391930030434846,1.1395652550491384,1.1395652550491384,1.0629583768815491
11306469,6474948,747.680781444079,1.3675894607663235,1.3675894607663235,40.54724587186973
11366567,6513711,94.13196223812496,64.98137358122582,74.60004726695102,69.48494607578873
11427189,6551908,594.9447071287586,17.86724655095476,17.86724655095476,14.63506486141983
11494741,6587344,1.098036316793465,1.2485809235649512,1.2485809235649512,2.712559416755704
11557421,6623698,94.46817176717533,264.2008302366124,262.38684100671065,244.42318408257404
11616007,6658663,9.294216243765751,5.983121482886324,5.227848739474658,3.1167043026724826
11669648,6694835,304.4622282218797,304.4622282218797,0.8565543255848357,4.788315475411372
11728256,6730216,189.36764323780332,189.36764323780332,187.07353860190116,185.28525144029626
11787944,6768469,29.374282255626543,16.68183130470364,17.355092022869098,16.68183130470364
11842426,6803322,375.5423956271783,366.1752242240167,5.886659390825075,4.23954423861138
11899947,6834891,135.97372488449287,1.1500345988139358,2.647946444692975,5.90540261537914
11956131,6868640,606.1474726755181,1.2664876126678506,1.0990721386020903,2.5112986589977453
12017596,6904361,488.2997124799986,488.2997124799986,488.2997124799986,4.7251120830926
12072494,6934252,1.0787941849384308,1.0787941849384308,3.421480673755564,4.9202908884782035
12125195,6968767,6.4703563691968675,4.979634632935641,2.7857472583133345,2.7857472583133345
12181986,7003877,302.4632219112957,204.3132390504643,204.4707965640698,207.9146827745207
12241571,7036380,2.5108570221172397,1.1359430182523098,1.3307978030059637,1.1359430182523098
12307120,7066609,1093.8190780903558,1.1729048266376962,2.633579644863751,2.633579644863751
12365753,7099341,970.3116088643808,11.918314455207446,12.376432921110435,16.918156781417863
12417474,7133372,3571.33758389292,3492.316679334921,3490.663490806872,3490.7835518872716
12469884,7164620,642.6557130504832,3.2022925547668204,1.521543467599152,5.7320177895993165
12532696,7198395,3.802798279722687,1.466968830771873,0.9121982977623282,2.281063962011525
12583796,7226610,6.488737075132952,2.8027506445251205,2.8027506445251205,1.3181939735111534
12634279,7259062,172.56382103815227,172.56382103815227,5.970571793248815,7.365582426843123
12691937,7292326,3959.020708233723,3791.411305582658,3791.411305582658,3791.411305582658
12745892,7326388,623.6754436377865,623.6754436377865,623.6754436377865,5.906051407388093
12797098,7358370,1.161578590069071,0.9772591366818731,0.9772591366818731,1.2147856662671659
12853020,7390772,1886.9036329732978,1672.6572923563815,1869.6262061212078,1871.1333876215776
12917382,7420977,104.3743420465725,101.46238921289698,100.99756479521552,97.81253013202047
12977508,7449221,582.7245320707674,582.7245320707674,583.0082847418668,47.93357239881192
13039286,7479583,853.6726447863127,1.2685447285876692,1.2685447285876692,1.1723268949117258
13097824,7509022,179.5235936447189,1.0133866628546961,3.328290739641351,9.134058114592774
13155349,7540474,895.8056762350833,895.8056762350833,895.8056762350833,4.250993053401355
13211163,7568625,12.54651349634872,2.5012174620931384,2.5012174620931384,2.4704447948585537
13265012,7600578,904.7405202185886,12.63542004012792,12.63542004012792,14.28214098641415
13316140,7631495,677.1446476693642,1.3297860337571819,1.092051372230701,1.092051372230701
13371165,7666611,1827.8674594298507,1016.6929758841586,1015.3989034624726,1016.6929758841586
13418091,7699738,1.2436366347531933,1.1091699408772064,1.0730790314417935,1.2436366347531933
13474771,7732001,1143.941461377383,1143.941461377383,103.43423709873753,91.44409635497188
13532574,7759148,942.3677737285655,496.7913167590023,3.398803571122459,12.953757573040768
13580395,7789873,1144.3319119964012,11.011186217155666,7.824441680742296,11.791780049687715
13626852,7821379,1.1926724124379617,0.8971275868466031,2.383673850869413,1.2150620886980459
13673079,7849977,570.930663697037,570.930663697037,2.570015140345169,4.15940316863222
13721716,7880893,311.2502269869098,311.2502269869098,9.211243747651238,13.879874250244518
13776535,7909976,1.1430518488670196,1.202819115263527,2.627559947304963,2.5935438569871687
13826982,7940482,485.9950942215811,485.9950942215811,485.9950942215811,19.31594564221993
13879750,7968500,687.275635464338,2.8254982248311458,2.8254982248311458,5.044745811635764
13931118,7996331,2.7454387054025524,2.343590132684409,4.586372390328034,15.99644363635009
13983997,8025746,527.8594136141543,527.8594136141543,527.8594136141543,4.210930096802135
14034933,8055180,1897.4104089875093,1897.4104089875093,1897.4104089875093,1897.4104089875093
14088498,8084217,519.2781969045374,1.1098479674254411,1.4360924777516273,2.602087162146322
14130316,8109923,1.2452807552517149,1.0446240114445096,1.0446240114445096,2.504840981380876
14174744,8136845,88.29072546991289,1.1144629218036044,2.6211609458500664,8.27236154750456
14233330,8167562,4.367256813777483,0.9612497506971225,1.2620565881460641,6.074481265021058
14287597,8194454,1.0624630141733944,1.032773544984008,1.032773544984008,2.436802210367696
14335799,8223024,336.97238046952816,1.2429896955006177,1.257472462726493,4.2168812426825255
14378078,8251771,843.7210328465573,843.7210328465573,2.473926923959443,2.473926923959443
14429550,8280408,3091.8929395609234,3173.708231239772,3170.0590645145676,3177.6999300893817
14474652,8306408,2018.0521257524224,1446.822876981491,1445.169104985544,1443.5153415689117
14519541,8333763,1275.6755404223677,1275.6755404223677,1275.6755404223677,1275.6755404223677
14561807,8362473,998.4171066753876,998.4171066753876,1.5705194237597502,1.5705194237597502
14608858,8388248,335.27421894488145,334.01777166340815,334.01777166340815,87.75440656970997
14656307,8418955,0.9073032428032407,0.9073032428032407,0.9073032428032407,0.9073032428032407
14702020,8445478,1.116954171635352,1.116954171635352,2.6142007998740047,3.458076210218024
14745621,8470586,4.815520216133837,2.593104357902923,2.593104357902923,1.1173767754505635
14792227,8496867,155.42155034058814,1.0654457794007817,1.1766801203683117,1.2786303391277114
14840507,8520731,1.3435920393551473,1.3435920393551473,2.8949703326948812,7.31838203087158
14887593,8547162,1.2970632922371752,1.120622059295045,1.120622059295045,2.5384340475385816
14931303,8575306,109.77187975366667,2.572807353809929,3.546448149983724,4.383632836866215
14980356,8600493,1153.7599846109013,74.2114166735747,53.95094329579913,60.85265446178507
15020206,8627300,513.7857894073544,4.081973971263139,4.081973971263139,2.4519506381892375
15075264,8651442,1887.6928294335903,1887.6928294335903,1887.6928294335903,2025.8077603855663
15120042,8675949,152.97008203932432,6.521199316193495,9.05431878188424,11.075723489519794
15160903,8699877,1305.9357976084275,1305.9357976084275,1305.9357976084275,1254.2323825340561
15206067,8727112,847.1570933212729,847.1570933212729,7.522244495781902,12.743946497935518
15247173,8753417,3.5831348352711703,2.576187652418653,1.2545705656495203,2.8649532131430133
15291451,8778106,979.7962725014447,979.7962725014447,979.7962725014447,14.097902650351523
15341007,8801029,3541.4588267876034,3523.3417808394724,3521.882290634605,3521.882290634605
15385189,8828920,861.8060257273947,861.8060257273947,2.5619631711743933,5.713039507111678
15430889,8854968,635.2955702719569,635.2955702719569,2.700187215901734,7.261496811749815
15470983,8880008,2.845379236463052,2.3976948748773026,2.3976948748773026,4.176202684962599
15517901,8905817,3460.582533774746,3277.034317723212,3279.136462666346,3326.4885304614845
15562043,8930302,19.247612688939657,2.6595469050544227,3.579944356928144,1.1315569458769008
15608847,8956448,1.1545235646135588,1.1545235646135588,1.132797822080586,1.1908760355935437
15650347,8980664,1.1892354579785753,1.1560868957863948,1.1560868957863948,3.532903965766383
15691936,9004656,1.1654462293665875,1.178649765542217,1.176887090404089,1.1654462293665875
15732682,9031681,309.6274683273004,2.8510091865374556,2.8510091865374556,4.075221959348148
15770874,9056171,4.007808618723679,1.3150115978037953,1.2353463468374428,1.2353463468374428
15814214,9078891,837.0894190633137,87.88228290672177,87.88228290672177,87.88228290672177
15858520,9103762,2.656269771673369,1.1843129541135764,1.1843129541135764,1.228777662883863
15895667,9128478,369.91043445509735,297.3177658511964,300.1389628395212,312.95419503105245
15939153,9154955,1.1637890776705975,1.1637890776705975,1.1637890776705975,2.4696978246684345
15981083,9178761,2.7920557799873444,1.2374510119883215,2.7920557799873444,2.527896807894097
16023780,9202243,744.7173666442351,744.7173666442351,745.8491475722658,2.657418294451301
16067890,9227949,1.3420718482014153,1.3420718482014153,1.2147917017931746,1.2147917017931746
16113365,9253598,1136.804689299932,2.467184583751067,3.3553991060984933,7.729292950195269
16151289,9278432,2.5510639200264604,1.114337186421021,1.1344432464556906,1.2125429076088443
16190590,9299510,1.1274023981232233,1.1179266101076626,1.1179266101076626,4.2061009820320345
16230920,9326278,2.565614264243265,4.160909088597483,2.5292267646739437,2.5939920009915207
16267749,9351824,8.511525532825965,6.275432324026519,2.5745833246297845,1.1616243856723314
16309891,9372972,655.6188836222772,1.0496270502930012,1.3231584784675992,1.3231584784675992
16349839,9395922,4.3585134793623554,1.2035295247811142,1.2035295247811142,4.0418366970954835
16388583,9419077,667.8251430017841,11.038441409832497,13.935917349396652,12.799610498496186
16427321,9439819,1002.007570241608,153.0417455924363,2.7314914299370265,2.5824851298811464
16462749,9461455,104.54589048146346,111.81394938202386,111.81394938202386,111.61845861782952
16498961,9480893,2.6294689953061443,1.2302006204567013,2.6294689953061443,2.6294689953061443
16533631,9501405,868.1554058513663,1.092147848080952,1.092147848080952,2.5294604994715533
16566013,9523059,229.19661172489845,229.19661172489845,1.1340767990664227,2.6083088936643075
16602584,9543673,604.4558691760196,604.2783844497692,9.419551928423889,11.751010035555847
16637109,9565073,688.0935279804272,3.553401820369386,3.553401820369386,6.359922274243853
16669220,9586137,9.519917749033599,1.0024342544855818,0.9947100867629757,2.366188941048598
16707333,9604098,765.0785977214898,765.0785977214898,765.0785977214898,177.89049671518913
16746257,9623455,338.9461738012169,338.9461738012169,22.694475517283667,19.326534987666843
16783196,9642736,933.2238321615824,933.2238321615824,23.87706531165652,11.955203670029631
16817419,9662874,741.8134910182907,10.605474518048839,6.943306767443583,3.3788150961778363
16850749,9684469,392.7099226700149,392.7099226700149,4.1252062879947236,4.1252062879947236
16887424,9704253,61.43671959494079,61.15656345080106,62.794351294045335,62.564206904454274
16926184,9722871,797.5639353625111,1.003639951739021,1.1350748813239369,1.1350748813239369
16957500,9743417,41.61420975703859,43.92336454980416,43.92336454980416,15.090167026692935
16989050,9762301,1715.95041686822,1715.9037343084851,1717.560611841996,1719.2174905992997
17022321,9782373,1.2937922774309074,1.1811489013556522,2.5711903262040336,9.078632855013959
17056006,9803870,174.47113539429458,4.378943226587793,4.378943226587793,5.026922605941116
17088453,9821989,136.31555846291613,4.307430561166307,5.870613205600102,4.438674517595933
17122549,9842105,707.3028988249214,1.0360388581384512,2.5930932176747157,2.5151648953015635
17153358,9862271,331.5068726024018,1.2710370280301362,2.521534653986595,1.5387091791460557
17186809,9882817,325.00564507989355,325.00564507989355,16.323988050119876,14.725489428715404
17219533,9904386,1.158946466966603,1.185778032156298,2.6206102500015946,3.5296412796291823
17252239,9925107,1.2574428303241687,1.2574428303241687,1.2574428303241687,1.1497729388839184
17282014,9944412,166.75609445480964,166.75609445480964,166.75609445480964,165.21859545879076
17313871,9963152,284.78409197245793,284.78409197245793,284.78409197245793,7.535402218110482
17344823,9982427,1.1545038517033872,1.2128575802818307,1.1909842567107987,4.8601361097607265
17379158,10002434,1.211802114165545,1.2559873704888338,1.2559873704888338,1.2559873704888338
17412194,10021435,27.45842147397671,1.4272536864970289,0.9193435955631466,2.422474732365948
17443384,10041199,105.2274214204434,105.2274214204434,105.2274214204434,104.08930345340717
17479485,10058986,359.2988520319368,358.3610059962618,356.886576567137,355.4137604774163
17510142,10077362,2.5269534467356327,1.2688373289910448,2.7003850716821134,9.217783463067866
17536971,10093794,1.0614051569917469,1.2831524759277007,1.2831524759277007,1.0614051569917469
17567216,10110413,929.1676291821088,929.1676291821088,929.1676291821088,703.7109516839994
17599176,10129434,600.2404445732024,598.8928274360684,598.8928274360684,597.9282360270496
17633347,10146632,2012.2192189910327,2012.2192189910327,2012.2192189910327,2012.2192189910327
17669637,10165618,618.7809761497598,45.851771311405216,15.608305614886383,27.402894555234877
17699372,10182757,480.3871501615829,2.66656615644646,2.66656615644646,1.1418051212848455
17729173,10198250,761.7323274312666,422.82090640433194,4.301924356556239,3.5675816922768013
17757919,10214072,527.9078081818002,1.0669274271045313,1.0669274271045313,2.6279335401926422
17788647,10231926,0.9894896299578481,0.9894896299578481,0.9894896299578481,2.5189174930854143
17823213,10250252,825.6842667930731,824.6355142560606,11.048893634032908,12.233040913663972
17853235,10266031,8.005794696516118,3.6367962995328074,4.968609640700671,4.282484556236042
17878050,10284004,442.0840313339929,1.203004303060166,1.2172089950704112,4.246696668740047
17907468,10300353,871.5185368880803,2.723408181829591,1.0213940344823687,4.1131564005316115
17932993,10316089,728.8271171551643,1.234013904817175,1.1100629018738102,2.565054658773739
17963598,10333667,1.3179302030715379,1.3939853720659807,1.3939853720659807,1.3179302030715379
17991263,10352043,1.3132917673074147,1.3132917673074147,1.3132917673074147,1.3132917673074147
18021832,10369172,0.9098073175161018,1.160105728667015,2.47480681613229,4.7340229816306545
18052809,10385645,3.95026458129359,2.385711918964972,2.3474780548950758,3.6756935144921306
18079516,10402165,614.6282816887762,615.0528635348165,615.0528635348165,2.5081168847027158
18103755,10416348,962.2165922949549,1.5211898666153267,1.5211898666153267,2.9301427760516674
18130967,10431576,2.6810330056195126,1.3646700006870076,0.9446525102658929,0.9446525102658929
18157149,10447809,7.873826880829965,22.79904461958009,21.426843801937054,14.146364039230725
18186894,10464248,532.2414293695671,532.2414293695671,1.1510732834189026,1.2566394254033362
18219526,10480760,2.6542544663070284,1.2631722019722516,1.2631722019722516,2.6542544663070284
18245740,10496063,2.728586451401726,2.6503153215636974,2.6503153215636974,2.6503153215636974
18270342,10511936,2711.655036221404,2865.7087356650923,2867.8741062597883,2866.342741003687
18303549,10527840,7.36774208028026,2.502142588854105,1.10140536062146,1.2884730103609354
18328240,10542006,171.74875085953855,261.5420396711034,261.12087795850954,259.51681490801076
18353689,10556853,14.550703726151939,14.550703726151939,14.169743225086751,13.158616095095688
18382237,10571412,7.491425090996971,1.040144573588133,1.040144573588133,2.44041049280124
18409107,10585046,1.1483249268206097,1.1483249268206097,1.1483249268206097,1.1227459490207523
18439248,10599969,156.6167646946072,229.14178708425385,225.5055912489703,220.7134735087639
18465945,10615899,1.3185335499117254,1.3185335499117254,1.3185335499117254,1.3185335499117254
18492314,10629545,571.7480058116072,570.3424857603695,84.65238872787606,28.447636785692655
18517634,10644190,150.14027627862734,0.8982134591976095,2.38652879717836,2.3713047454663183
18541320,10658126,2084.6059256105586,1703.8010583605753,1703.8010583605753,1706.9937643109492
18563130,10671821,2.6697820738114415,1.2053333592658175,1.2053333592658175,1.2053333592658175
18588077,10686468,2.5588469512071033,2.5588469512071033,2.6322507821127443,2.5025553834997303
18614771,10699541,173.59422620880173,3.4800780647745175,3.4800780647745175,3.4800780647745175
18637879,10712976,1.3240097847501529,1.3240097847501529,1.061836880160213,4.681508686655178
18659891,10724729,408.6156091830097,14.058838629710172,11.016315013042076,7.829982583325737
18683119,10738474,167.53243848764893,23.705246534797702,32.38254356700052,22.558614002867923
18707833,10752748,4.188261502074104,1.222044397361111,12.354236826364861,10.126197049184558
18735025,10765404,106.02599924081376,105.50870340374891,105.50870340374891,106.13936180555467
18758586,10779614,3.7754922617037665,1.4322196808846057,1.140923145412798,0.9151775801888772
18781831,10790948,1.060485416710596,1.1366010937384758,1.1366010937384758,1.060485416710596
18804468,10803576,1.0394736500166342,1.0394736500166342,1.0394736500166342,2.7096957688784626
18830772,10815303,8.372683145861636,2.36928692797564,2.36928692797564,1.0934808997500471
18851478,10828975,2.4665589343182748,2.4665589343182748,2.4501579938225304,5.738159499684366
18874184,10841480,193.1072628629066,191.45361735276256,189.69261895433846,184.63393312798928
18893514,10854575,586.2342822601815,1.1906049374250227,1.1906049374250227,3.5288362153678507
18914272,10867429,1.266156913094765,1.266156913094765,1.266156913094765,2.7499627776350954
18938111,10879047,456.28970165561634,456.28970165561634,456.28970165561634,16.658680249692342
18959269,10890836,1.1250847784394358,1.2564394939901584,1.1250847784394358,1.2564394939901584
18980322,10903746,705.2797869022174,1.3658386180275721,1.2723941773634975,1.2723941773634975
19003244,10915959,182.06263248789438,0.9704332543173887,3.3141355766789116,3.3141355766789116
19025611,10927309,202.69165433809533,239.15397426342872,240.33512501520326,209.93436185984913
19046137,10939632,550.567757781072,1.3203318369086152,1.3203318369086152,1.3203318369086152
19066718,10952276,186.4938725333287,1.0710318224913047,2.5499667186052952,7.326599177018081
19088975,10965326,2.566524350858263,2.566524350858263,1.2472519389972754,2.566524350858263
19111198,10976368,1.198745769875002,1.198745769875002,1.143764568434905,2.5834271910981474
19128727,10986793,860.1181637534214,7.865419741932072,6.30384981406663,4.806964731325838
19150921,10998738,3.231059152536201,0.8874490041359308,1.2390724472502583,2.892611467789446
19168884,11010357,656.3003041250836,63.836816386509206,62.22457749015222,57.35339679866061
19191987,11021899,400.1972196351218,1.0792354691560229,2.450034765226407,3.3444549057194037
19210371,11035080,1.2670092567474844,1.1054864024724553,1.1054864024724553,2.674478897111333
19231126,11048198,177.73710834031812,2.238450259094646,2.375883359040177,4.362488594336127
19252268,11060258,478.4749890057733,478.4749890057733,478.4749890057733,2.5654106120820703
19273523,11073517,1.177338493067948,1.071594633321267,1.1753299107831858,2.576486411121802
19291384,11085165,4.165775318631844,1.1964207147204282,3.539601595681825,3.539601595681825
19314195,11094967,732.6554374837251,732.6554374837251,46.019519199565146,45.839979645365446
19333270,11107514,472.46957834157513,472.46957834157513,3.8429730286404298,4.295112934645369
19351414,11120068,166.64718384276134,193.08626196555386,192.65914142770941,191.9310484706412
19374874,11131131,183.25546673917253,2.5211392578866714,2.5211392578866714,6.093287283922219
19394788,11142790,158.824676323136,75.20647293985314,76.72344092061509,44.029002081006325
19408902,11153148,3.414793568662475,3.414793568662475,3.414793568662475,3.414793568662475
19427584,11166471,14.058897887573501,14.058897887573501,12.552011314568619,289.26244433488927
19446213,11176939,194.4035635497321,197.59907065481679,197.59907065481679,195.56630762338222
19462987,11188792,1.2242055381681332,1.1240968765326622,1.102830642499383,4.195902380859485
19481408,11197378,937.7266436049646,937.7266436049646,937.7266436049646,4.7178681113176975
19497330,11207141,4.767250659195357,4.128690259612534,2.5347058632028694,1.2166388594543702
19515253,11218433,12.485875594565922,12.48233877098186,10.83285300471736,12.48233877098186
19531845,11228086,662.5706859106776,660.9430145725506,662.5706859106776,662.5706859106776
19553444,11237694,795.4967464080559,795.4967464080559,795.4967464080559,152.13381776636143
19572112,11246658,852.1907428372757,1.1595288062175462,1.1595288062175462,4.205809564535742
19588595,11257278,1.1007031250928714,1.1007031250928714,1.1007031250928714,1.2443145290850914
19605496,11266879,512.331606463703,512.331606463703,512.331606463703,7.473297943318065
19620393,11276232,5.951505190046979,3.687621360575933,2.8088205957982115,5.017331529233278
19639304,11285712,705.4554658283341,705.4554658283341,2.5665689777330702,11.006749633182922
19656440,11296546,803.6189577001767,803.6189577001767,1.1940780977934868,1.1940780977934868
19670585,11305371,1.2423841146057502,2.7272014328137537,2.7272014328137537,4.338943387537871
19684745,11314416,1.0302674611138858,1.09849921584927,1.09849921584927,1.263569136271509
19701990,11323149,1.131888377823722,1.131888377823722,1.131888377823722,1.131888377823722
19718167,11331342,6.130008415862256,6.130008415862256,4.622624214530485,1.065774113814202
19733768,11340440,22.076989070089624,21.56124781402224,18.083077661359606,12.651194391230316
19747928,11349111,712.5225359929024,712.5225359929024,712.5225359929024,16.880918382169884
19763728,11357577,351.5629831474593,350.01181350225977,351.5629831474593,351.5629831474593
19777400,11365858,268.59992038963475,270.2566477548263,271.86790121352874,273.48975328167694
19788656,11372872,2.800022165012231,1.1664888930957944,2.5225030206073145,2.6924757513565556
