Index,FOF_Halo_ID_At99,Subhalo_ID_At99,FOF_Halo_ID_At92,Subhalo_ID_At92,GroupPos,Group_R_Crit200,Group_R_Crit500
0,0,0,0,"[175095.84375, 265782.75, 450873.8125]",1778.91650390625,1156.8743896484375
1,252455,144230,257723,"[454000.5, 100637.6796875, 104640.2421875]",1974.925048828125,1256.3546142578125
2,476245,267561,486080,"[197099.84375, 33469.765625, 319129.125]",1669.50634765625,1074.51904296875
3,692426,381653,698676,"[277734.0, 474777.53125, 505498.875]",1945.036865234375,1297.2445068359375
4,880597,489226,889375,"[56044.9609375, 461471.53125, 327469.09375]",1333.88818359375,778.7691040039062
5,1068507,597202,1083458,"[130554.84375, 155756.828125, 490309.71875]",1653.173828125,1080.03662109375
6,1263653,694698,1269588,"[338497.65625, 67602.2421875, 456335.03125]",2000.40869140625,1270.86962890625
7,1431487,788086,1443778,"[353976.3125, 9990.5048828125, 89560.2265625]",1816.0965576171875,1225.7724609375
8,1580995,880793,1587349,"[393228.78125, 214970.453125, 643713.1875]",1923.14794921875,1277.9237060546875
9,1763481,962093,1773139,"[331429.40625, 664380.0625, 102491.09375]",1726.7880859375,1076.78369140625
10,1921024,1053813,1933327,"[495043.09375, 594459.0, 297068.25]",1842.400146484375,1199.4200439453125
11,2069291,1132996,2087308,"[179954.03125, 456445.59375, 103591.53125]",1701.0123291015625,1082.22509765625
12,2213486,1213480,2237551,"[158338.171875, 158718.671875, 206973.765625]",1840.9744873046875,1194.059326171875
13,2380799,1289136,2401124,"[164732.203125, 90124.453125, 593405.0625]",1670.4298095703125,1113.69384765625
14,2507618,1360963,2538259,"[141918.96875, 294051.59375, 269341.5]",1932.409912109375,1287.2095947265625
15,2637623,1432002,2672838,"[179962.25, 155929.71875, 19942.6640625]",1690.77587890625,1105.214111328125
16,2771226,1498574,2803773,"[592344.0, 93126.6015625, 527488.125]",1517.3209228515625,954.5234985351562
17,2892630,1563858,2926112,"[305113.46875, 98192.75, 18360.189453125]",1814.2283935546875,1208.7547607421875
18,3020669,1629433,3056204,"[590476.5, 251866.859375, 6781.45654296875]",1861.3663330078125,1254.30859375
19,3135769,1690420,3170074,"[22746.50390625, 574135.125, 272675.5]",1715.4080810546875,1113.5489501953125
20,3238091,1753379,3271590,"[177567.28125, 666261.6875, 454926.09375]",1587.0509033203125,1065.976318359375
21,3343359,1819179,3377514,"[157497.609375, 157575.640625, 502737.78125]",1785.8150634765625,1218.4658203125
22,3457081,1883287,3502038,"[197233.421875, 421725.90625, 227703.34375]",1829.9139404296875,1272.214599609375
23,3556542,1938369,3599039,"[324784.0625, 87350.7578125, 472698.90625]",1747.115478515625,1117.2388916015625
24,3656685,1995553,3703965,"[621733.0625, 39256.65625, 343862.1875]",1652.968017578125,1039.9913330078125
25,3758330,2057439,3808956,"[570915.9375, 222038.734375, 549808.625]",1730.0030517578125,1075.8297119140625
26,3863281,2110956,3913540,"[178658.75, 586012.8125, 360785.4375]",1561.723876953125,985.4799194335938
27,3960854,2166001,4012697,"[450873.75, 449178.0, 262108.859375]",1542.6668701171875,1013.7910766601562
28,4054274,2224598,4109664,"[195226.9375, 151510.75, 98785.421875]",1498.9971923828125,949.7256469726562
29,4152102,2278552,4212287,"[677802.8125, 1297.2412109375, 474248.40625]",1655.1258544921875,1075.387939453125
30,4254230,2337596,4316128,"[527831.375, 424932.09375, 549512.125]",1594.8802490234375,968.385009765625
31,4356618,2395184,4418693,"[497479.3125, 445127.59375, 202523.53125]",1745.31982421875,1145.9603271484375
32,4461296,2451790,4523080,"[181562.328125, 455986.5, 167573.296875]",1605.209228515625,1046.5401611328125
33,4561713,2504159,4625904,"[180952.859375, 452800.0, 304671.0]",1484.10302734375,873.3406372070312
34,4656216,2562531,4718690,"[313559.9375, 4178.08447265625, 174358.546875]",1738.0037841796875,1105.998779296875
35,4753637,2618007,4811002,"[159847.359375, 130731.109375, 530970.6875]",1275.3880615234375,849.7259521484375
36,4854863,2674591,4910624,"[138378.8125, 469802.71875, 547870.6875]",1700.3563232421875,1075.4822998046875
37,4959833,2729158,5007992,"[135086.609375, 631792.625, 288167.3125]",1636.4521484375,1079.7447509765625
38,5059214,2786558,5111834,"[348647.75, 304447.75, 368185.5625]",1603.000732421875,1036.627197265625
39,5160063,2843216,5216595,"[301193.78125, 506357.0625, 203293.46875]",1437.5430908203125,931.3482666015625
40,5251697,2896072,5313041,"[497936.1875, 173896.578125, 540505.1875]",1238.4677734375,826.7122192382812
41,5348819,2949381,5412505,"[636425.1875, 98321.46875, 129058.640625]",1053.960205078125,617.4702758789062
42,5432141,3002631,5500269,"[624956.4375, 233293.484375, 569393.125]",1603.578857421875,1053.131103515625
43,5524229,3053960,5594486,"[587194.75, 154230.140625, 451648.125]",1668.45849609375,1082.718017578125
44,5608717,3111586,5683855,"[676492.5625, 648401.375, 671051.0625]",1590.2303466796875,988.802490234375
45,5693289,3162329,5770832,"[559604.25, 581307.625, 350788.8125]",1615.6904296875,1038.7911376953125
46,5787144,3209640,5864536,"[486185.5, 294392.75, 22375.916015625]",1259.5184326171875,837.8640747070312
47,5873398,3259607,5954750,"[284584.6875, 454652.84375, 656748.625]",1673.44873046875,1138.2335205078125
48,5956970,3316474,6037526,"[476357.46875, 465348.53125, 115938.1640625]",1664.4241943359375,1023.2511596679688
49,6043040,3366402,6122644,"[544064.0625, 117563.1328125, 635855.5]",1658.0078125,1089.1793212890625
50,6130348,3417967,6210951,"[674682.75, 341071.875, 625404.1875]",1259.015869140625,806.0989990234375
51,6225917,3464804,6302013,"[318376.125, 348395.875, 276939.15625]",1636.59716796875,1056.076904296875
52,6325415,3509889,6399255,"[607329.375, 440253.40625, 178085.984375]",1667.5853271484375,1096.3680419921875
53,6412656,3559085,6490501,"[144403.140625, 617809.9375, 337579.125]",1457.2310791015625,954.2151489257812
54,6499612,3606049,6579478,"[168311.53125, 204055.171875, 56014.92578125]",1433.24560546875,919.0077514648438
55,6574070,3653056,6659497,"[132310.328125, 71545.9453125, 168580.640625]",1719.9854736328125,1071.06884765625
56,6664769,3701097,6748953,"[206392.015625, 46800.046875, 423175.9375]",1344.1580810546875,861.5274658203125
57,6748564,3747820,6836185,"[163438.421875, 604959.1875, 360816.90625]",1479.6553955078125,966.2957763671875
58,6834499,3792907,6919883,"[21898.658203125, 191039.578125, 146363.875]",1592.8629150390625,963.9249267578125
59,6913365,3840535,6997769,"[240243.8125, 361888.125, 205952.25]",1484.018798828125,947.7357177734375
60,6991026,3884986,7074140,"[82331.3671875, 419514.90625, 39944.09765625]",1559.7711181640625,983.3875122070312
61,7065334,3929752,7148664,"[156985.75, 188150.921875, 218240.109375]",1551.3836669921875,1032.7723388671875
62,7146294,3975693,7231892,"[660629.5, 358134.5625, 114057.9765625]",1518.338134765625,993.3175048828125
63,7235867,4020632,7322452,"[346529.0, 67884.59375, 476515.3125]",1415.302001953125,914.0993041992188
64,7325028,4068963,7412902,"[7491.99072265625, 294828.53125, 599833.75]",1662.33056640625,1111.1429443359375
65,7403396,4108950,7493233,"[404565.6875, 313415.0625, 304557.34375]",1616.1151123046875,1088.18115234375
66,7474466,4150998,7563091,"[192839.203125, 95968.546875, 145811.625]",1421.6546630859375,939.0673828125
67,7547375,4198154,7635837,"[554223.75, 315169.78125, 130022.9609375]",1349.981201171875,882.0553588867188
68,7630798,4245193,7722266,"[295226.34375, 63049.8828125, 425324.9375]",1248.87939453125,783.6085205078125
69,7706133,4289900,7802225,"[671769.5, 361954.09375, 632319.0]",1353.0787353515625,825.7400512695312
70,7778424,4330973,7878820,"[337458.75, 392823.40625, 86251.84375]",1421.57861328125,925.8705444335938
71,7860333,4373303,7965460,"[55155.4453125, 83122.9140625, 469153.375]",1603.8546142578125,1083.0843505859375
72,7935722,4420201,8037443,"[455852.78125, 155537.09375, 538717.5625]",1543.888427734375,939.1834716796875
73,8012756,4461095,8115446,"[316639.90625, 623087.9375, 450726.875]",1253.507568359375,799.6830444335938
74,8094210,4503408,8196490,"[222830.46875, 482935.4375, 450997.125]",1472.1551513671875,912.2470092773438
75,8175593,4545763,8276010,"[583320.875, 329831.125, 643102.0]",1366.8179931640625,897.7274780273438
76,8241267,4590018,8344272,"[125764.8359375, 54007.390625, 647284.0]",1132.1759033203125,709.2255249023438
77,8311356,4634247,8419504,"[35361.9609375, 573578.6875, 45110.40234375]",1506.13134765625,1019.7771606445312
78,8384388,4677337,8494791,"[334806.3125, 33948.63671875, 429417.75]",1354.4921875,923.1334838867188
79,8460952,4718712,8572496,"[188911.421875, 29559.55859375, 332750.40625]",1520.695068359375,954.23779296875
80,8560074,4756159,8665146,"[387198.25, 213195.140625, 120791.8671875]",1279.9053955078125,826.4684448242188
81,8629805,4792466,8736272,"[641381.6875, 363040.90625, 527037.9375]",1576.215087890625,1013.4208374023438
82,8714627,4831605,8814243,"[276346.65625, 399630.125, 662127.75]",1369.196533203125,921.8611450195312
83,8790231,4868489,8892198,"[322758.8125, 356708.46875, 270332.875]",1424.8121337890625,940.0825805664062
84,8874396,4904477,8977751,"[488930.625, 437073.375, 498851.40625]",1563.7501220703125,1067.967529296875
85,8943467,4941002,9048590,"[673211.0, 221740.546875, 337385.625]",1343.77099609375,868.5369873046875
86,9009954,4984017,9119618,"[389679.875, 629442.25, 433294.15625]",1572.351318359375,1032.0184326171875
87,9083738,5024159,9194581,"[82782.1484375, 189854.734375, 569505.5625]",1497.8138427734375,981.2655029296875
88,9158821,5064045,9270337,"[344849.9375, 89916.015625, 197044.8125]",1531.7291259765625,1015.6723022460938
89,9229180,5101952,9342053,"[183090.34375, 370026.90625, 444245.40625]",1500.8221435546875,1004.867919921875
90,9298035,5139685,9412597,"[245421.828125, 674313.6875, 61748.96875]",1529.077392578125,980.892822265625
91,9363765,5180405,9480039,"[268040.1875, 114385.109375, 29094.390625]",1422.5511474609375,921.4280395507812
92,9439759,5221641,9556165,"[362920.4375, 509068.6875, 668109.25]",1561.4312744140625,1028.5250244140625
93,9513551,5262256,9628767,"[440284.5, 501873.09375, 324561.65625]",1518.1883544921875,982.7307739257812
94,9574391,5302286,9692422,"[37812.24609375, 595511.5, 3115.1123046875]",1540.328369140625,1013.0651245117188
95,9644244,5338008,9760565,"[330483.21875, 386947.75, 666435.3125]",1562.638671875,1057.8148193359375
96,9720881,5374938,9833858,"[589233.0, 258204.953125, 1682.265625]",1256.9239501953125,750.6348266601562
97,9819553,5412682,9924341,"[132349.296875, 318741.28125, 376232.09375]",1571.5462646484375,1002.1243286132812
98,9890449,5451192,9994418,"[601680.375, 171857.390625, 172841.109375]",1503.9443359375,963.120361328125
99,9956048,5487564,10059008,"[192063.5, 400343.71875, 268660.21875]",1440.3099365234375,919.0140380859375
101,10087222,5563365,10187952,"[511597.375, 427177.5625, 557387.3125]",1316.644287109375,878.3311767578125
102,10157377,5599578,10260002,"[517119.3125, 85814.2890625, 642521.6875]",1468.9215087890625,960.1170043945312
103,10219640,5634973,10323258,"[597431.6875, 26603.802734375, 16106.7470703125]",1459.4561767578125,956.3078002929688
104,10293151,5672728,10396622,"[193075.5625, 603630.875, 270944.8125]",1473.4208984375,944.9270629882812
105,10351662,5711568,10456722,"[559068.0, 382495.15625, 510837.46875]",1472.689453125,873.4072875976562
106,10422957,5745622,10526947,"[7876.5400390625, 391389.34375, 632204.4375]",1542.4752197265625,986.4891967773438
107,10484363,5782123,10587338,"[425246.5, 585981.0, 587478.5]",1497.8182373046875,987.0570678710938
108,10545631,5818836,10650390,"[53746.15625, 605525.1875, 187302.375]",1325.492919921875,874.4422607421875
109,10612178,5856285,10718683,"[314665.0, 160269.859375, 578000.8125]",1500.406005859375,988.1471557617188
110,10672584,5891132,10778500,"[557872.5625, 433357.8125, 512227.46875]",1508.6624755859375,978.6212768554688
111,10739656,5930287,10844693,"[81667.5703125, 310957.1875, 273590.6875]",1420.2384033203125,924.6923828125
112,10809596,5965641,10912020,"[45647.640625, 600936.5625, 20084.140625]",1195.5404052734375,764.773193359375
113,10886163,6003385,10988192,"[227233.53125, 495346.40625, 115304.9609375]",1537.0504150390625,990.9758911132812
114,10943032,6041354,11044274,"[656434.6875, 399491.4375, 12063.513671875]",1407.955078125,913.8362426757812
115,11009511,6076958,11109689,"[262357.4375, 576100.5625, 640031.6875]",1498.9365234375,976.9530639648438
116,11069985,6113278,11171187,"[178801.125, 172419.546875, 186306.359375]",1421.3497314453125,937.021484375
117,11128914,6147777,11232101,"[225692.859375, 531282.875, 2834.875244140625]",1539.282470703125,1045.05029296875
118,11186149,6184597,11289655,"[583719.6875, 472117.5, 410717.0]",1492.7635498046875,1018.5305786132812
119,11247535,6220532,11348860,"[176158.9375, 119063.1640625, 563412.125]",1503.3349609375,933.2807006835938
120,11318647,6253994,11414185,"[38859.51171875, 235491.046875, 349783.53125]",1350.7769775390625,897.87646484375
121,11375025,6288844,11473321,"[560461.25, 117207.5078125, 550828.3125]",1433.0687255859375,959.761962890625
122,11433807,6322297,11533251,"[117576.921875, 179079.875, 188483.09375]",1249.1785888671875,784.197509765625
123,11484512,6356900,11585677,"[460627.25, 619696.75, 280379.96875]",1337.8173828125,911.5379028320312
124,11543591,6390553,11645900,"[95333.265625, 38796.52734375, 21488.853515625]",1336.65625,833.6486206054688
125,11603245,6426837,11707285,"[615841.75, 20238.869140625, 46765.1796875]",1408.8851318359375,936.2960815429688
126,11659115,6460124,11761728,"[624387.125, 341044.21875, 539660.4375]",1346.0836181640625,891.5436401367188
127,11713845,6490262,11818295,"[340627.75, 305060.8125, 216196.234375]",1403.0328369140625,937.9730834960938
128,11767506,6522384,11874293,"[190938.90625, 292468.875, 48886.140625]",1197.2384033203125,785.5855712890625
129,11823213,6556529,11931721,"[7254.70947265625, 19522.388671875, 149058.40625]",1432.420166015625,965.5086059570312
130,11876224,6585145,11986083,"[517257.375, 243649.1875, 246423.3125]",1425.163330078125,907.3463745117188
131,11929315,6617842,12038658,"[478549.5625, 192787.84375, 451723.875]",1235.311767578125,815.8682861328125
132,11988351,6651310,12098829,"[277851.40625, 280783.125, 170642.9375]",1434.4599609375,982.431396484375
133,12045847,6681731,12157520,"[559042.75, 196243.640625, 213966.796875]",1205.4405517578125,737.0438842773438
134,12109947,6710059,12223414,"[215362.390625, 570500.8125, 656698.5625]",1429.384033203125,951.1432495117188
135,12169414,6740981,12279581,"[628597.625, 172073.34375, 189085.765625]",1339.4183349609375,836.0838623046875
136,12224103,6773225,12333242,"[483820.6875, 40583.7421875, 141069.828125]",1444.5008544921875,830.871826171875
137,12274768,6802482,12382820,"[242013.140625, 583882.875, 162912.90625]",1416.0516357421875,933.8585205078125
138,12334208,6834695,12445015,"[153689.609375, 262136.046875, 558520.125]",1474.0592041015625,989.4971923828125
139,12381782,6861514,12495896,"[396000.03125, 328990.65625, 304467.5625]",1419.555419921875,912.1126708984375
140,12432056,6892494,12544976,"[60346.36328125, 528969.875, 217598.796875]",1209.88671875,730.0836181640625
141,12485362,6924100,12599324,"[559433.0625, 554221.5625, 17012.177734375]",1181.2618408203125,757.2993774414062
142,12534413,6956653,12650964,"[269778.0, 606914.75, 553989.25]",1213.3660888671875,799.6649780273438
143,12582631,6987543,12700280,"[15049.681640625, 639619.1875, 141461.578125]",1210.5009765625,819.9781494140625
144,12632860,7018537,12754112,"[151581.78125, 169486.828125, 501740.9375]",1273.321533203125,811.1132202148438
145,12698185,7047442,12821141,"[294155.375, 544346.0625, 29990.658203125]",1235.91162109375,703.9945068359375
146,12755885,7073907,12880699,"[381201.3125, 487994.90625, 249545.109375]",1339.2396240234375,815.3765258789062
147,12816749,7102615,12938701,"[634985.8125, 649931.75, 157963.390625]",1280.656005859375,865.2797241210938
148,12871237,7130553,12993069,"[192525.9375, 475062.21875, 266078.78125]",1319.16650390625,876.8107299804688
149,12925049,7160513,13050500,"[26760.5, 670850.6875, 18910.72265625]",1351.2227783203125,872.2957763671875
150,12981983,7186852,13106543,"[347941.40625, 619487.8125, 308063.0]",1026.7086181640625,663.8656616210938
151,13035077,7217587,13160994,"[613489.8125, 360492.8125, 633777.375]",1408.2357177734375,963.3369750976562
152,13083432,7246889,13211199,"[611203.8125, 263922.6875, 28932.8203125]",1219.595947265625,791.1038818359375
153,13133868,7280431,13262756,"[327059.59375, 29166.7421875, 622656.75]",1327.7373046875,865.651123046875
154,13176044,7311555,13306380,"[493863.5625, 440740.0625, 250821.9375]",1057.7357177734375,651.525634765625
155,13231280,7342190,13360856,"[281333.3125, 583561.75, 178309.75]",1377.3153076171875,874.2496948242188
156,13291544,7367692,13419693,"[39707.6015625, 436187.09375, 627.335693359375]",1329.69921875,845.2000732421875
157,13341116,7397184,13468076,"[584322.0625, 100418.109375, 37310.10546875]",1346.078857421875,852.1448974609375
158,13388143,7426870,13513720,"[55767.46484375, 31086.232421875, 333499.90625]",1340.239990234375,901.34716796875
159,13432142,7454329,13560154,"[529648.5625, 189255.953125, 274418.5]",1383.251953125,924.8822631835938
160,13479426,7483905,13607650,"[531606.875, 124752.796875, 573839.625]",1197.689697265625,771.7293701171875
161,13532711,7511638,13661399,"[389522.125, 236068.03125, 203833.75]",1220.9261474609375,823.1251220703125
162,13581051,7540846,13711389,"[356350.0, 642941.625, 334921.9375]",1346.0159912109375,899.2134399414062
163,13634459,7567764,13766630,"[558503.875, 611834.25, 104984.7578125]",1355.0621337890625,866.2874145507812
164,13686751,7593849,13817908,"[116529.546875, 153033.078125, 431994.28125]",1243.970458984375,792.0782470703125
165,13737849,7621754,13868528,"[620204.5625, 397556.53125, 69127.765625]",946.3025512695312,588.605224609375
166,13792287,7649557,13920501,"[70778.203125, 126971.5625, 467715.1875]",1268.09228515625,834.5211791992188
167,13845328,7676847,13973193,"[362818.5, 506047.25, 533725.3125]",1319.3045654296875,878.5712890625
168,13886810,7701637,14014721,"[518442.03125, 164127.8125, 249202.3125]",1310.7457275390625,900.611083984375
169,13927129,7727169,14056917,"[312675.71875, 486506.0, 128820.25]",1268.857666015625,796.961669921875
170,13988217,7756271,14115970,"[385333.40625, 207877.453125, 117052.8984375]",1269.6048583984375,830.921630859375
171,14038844,7781460,14166106,"[547122.125, 59562.21484375, 656950.3125]",1334.8330078125,891.0409545898438
172,14084296,7808516,14210522,"[356413.21875, 158138.140625, 401661.78125]",1292.9866943359375,833.869384765625
173,14128437,7835811,14253638,"[293979.15625, 232825.796875, 95534.0]",1380.6688232421875,940.96875
174,14179019,7862973,14304090,"[587528.4375, 354055.78125, 676335.375]",1232.4241943359375,766.5991821289062
175,14219518,7887536,14345085,"[111264.3203125, 148269.609375, 527359.625]",1363.7421875,790.7178344726562
176,14258311,7913633,14384652,"[47083.9296875, 170861.25, 632618.375]",1400.7706298828125,936.7118530273438
177,14300805,7940273,14425247,"[421652.1875, 240791.8125, 4218.43994140625]",1291.134033203125,841.3405151367188
178,14346919,7964655,14472069,"[294344.34375, 104206.0234375, 592288.75]",1319.9390869140625,800.6152954101562
179,14397702,7994110,14521338,"[42404.42578125, 141510.453125, 133193.34375]",1353.1065673828125,877.7266845703125
180,14441698,8019419,14565774,"[291133.78125, 241711.953125, 289030.59375]",1323.07861328125,858.271728515625
181,14486018,8043029,14609015,"[191657.640625, 67753.9609375, 374287.0625]",1116.481201171875,687.7875366210938
182,14528100,8067801,14652933,"[141700.234375, 190694.203125, 476749.34375]",1342.1676025390625,914.2085571289062
183,14579813,8090273,14701636,"[128853.2734375, 551492.75, 325482.21875]",1304.8101806640625,857.5949096679688
184,14623683,8115207,14746534,"[373032.03125, 505874.59375, 641772.875]",1195.8817138671875,808.3489379882812
185,14664682,8142451,14789910,"[176681.3125, 34106.55078125, 329631.4375]",1291.3037109375,808.80126953125
186,14718371,8166483,14840014,"[11018.0791015625, 337724.34375, 15608.86328125]",1323.620849609375,863.1280517578125
187,14760358,8192025,14880732,"[22928.099609375, 9024.06640625, 407144.4375]",1320.234619140625,896.228759765625
188,14814156,8214676,14934474,"[149408.53125, 641267.4375, 347804.125]",1177.747802734375,727.0381469726562
189,14859514,8237774,14978593,"[531547.0625, 372026.84375, 646953.125]",1299.119384765625,874.3265380859375
190,14900038,8260504,15016702,"[478536.34375, 315612.4375, 105256.546875]",1316.594970703125,879.4547729492188
191,14940417,8286293,15058690,"[192193.125, 548512.875, 560374.8125]",1287.27294921875,812.8232421875
192,14985016,8311198,15104306,"[297809.1875, 258663.328125, 190560.1875]",1066.4029541015625,691.93994140625
193,15031462,8334832,15148180,"[187731.609375, 618062.5, 210282.578125]",1290.81103515625,819.9432373046875
194,15087132,8356227,15199093,"[268146.03125, 514260.9375, 647011.25]",1052.926513671875,705.2188110351562
195,15125179,8382895,15239879,"[560907.6875, 597127.4375, 337166.3125]",1263.1536865234375,821.8819580078125
196,15172951,8407441,15287496,"[183242.390625, 594660.8125, 184542.8125]",1303.2916259765625,832.760498046875
197,15214679,8430926,15328344,"[452948.9375, 616592.4375, 402948.0625]",1299.703125,820.1652221679688
198,15264704,8455605,15373841,"[164255.359375, 292411.40625, 675969.4375]",1030.51123046875,651.2954711914062
199,15304907,8478990,15415762,"[645466.0, 549261.6875, 153113.46875]",1052.1717529296875,686.4603881835938
200,15348580,8503882,15460124,"[369601.3125, 85336.90625, 521226.875]",1226.28173828125,803.2112426757812
201,15386285,8526845,15498791,"[545150.625, 116436.8203125, 123587.7734375]",1260.2210693359375,814.9603271484375
202,15428207,8549450,15540879,"[57490.90625, 537800.6875, 674059.625]",1276.55322265625,840.3392944335938
203,15465516,8575012,15579962,"[629431.375, 362235.8125, 95247.921875]",1306.098876953125,858.8426513671875
204,15500142,8598093,15614686,"[117628.2421875, 487689.8125, 643924.375]",1278.065185546875,835.5732421875
205,15543062,8619561,15656860,"[99495.4296875, 48246.88671875, 442865.21875]",1283.3948974609375,849.187255859375
206,15586138,8642988,15699784,"[244171.9375, 124757.3359375, 172630.125]",979.5309448242188,631.1819458007812
207,15620242,8666685,15736657,"[265102.71875, 401422.03125, 624167.75]",1287.099609375,814.7545776367188
208,15668851,8691763,15780987,"[236973.96875, 630152.6875, 349656.9375]",1210.86376953125,800.9385986328125
209,15708936,8714347,15821715,"[284894.875, 644949.125, 144162.125]",1209.192138671875,829.2550659179688
210,15746111,8736572,15860127,"[648220.5, 341188.28125, 268239.03125]",1265.5394287109375,805.9326782226562
211,15789938,8760894,15904553,"[80185.1171875, 646591.0, 526117.8125]",1264.343505859375,808.1434326171875
212,15834634,8785174,15949208,"[610029.125, 453476.53125, 51275.25]",1281.197021484375,824.3871459960938
213,15876167,8808766,15988579,"[367173.4375, 348104.09375, 450019.46875]",1253.6265869140625,791.674072265625
214,15916351,8828472,16027330,"[324594.15625, 124084.0234375, 642952.4375]",1167.04345703125,722.8630981445312
215,15955034,8853977,16067477,"[578883.875, 483342.65625, 519801.09375]",1186.17578125,753.0904541015625
216,15989514,8878591,16102700,"[192905.03125, 197362.140625, 464222.875]",1182.4322509765625,769.6235961914062
217,16033074,8898680,16146165,"[556648.4375, 77507.6328125, 501712.78125]",1245.4893798828125,792.9261474609375
218,16065958,8920223,16180507,"[601387.5625, 385373.125, 642868.375]",1201.186279296875,780.3901977539062
219,16103108,8942200,16218484,"[415541.65625, 234090.59375, 640229.0625]",1176.9576416015625,730.4893188476562
220,16137289,8961928,16255032,"[474601.71875, 317395.28125, 531089.8125]",1231.6497802734375,820.4313354492188
221,16171546,8982430,16289706,"[609918.5, 23442.712890625, 570958.6875]",1252.0985107421875,768.3575439453125
222,16207140,9000577,16325015,"[110716.1484375, 58434.78125, 432236.65625]",1215.7109375,810.0875854492188
223,16242314,9020100,16360038,"[570016.4375, 530626.75, 530107.5]",1047.7574462890625,679.6363525390625
224,16276166,9041035,16393184,"[230413.90625, 507333.90625, 515056.21875]",1111.0380859375,714.4369506835938
225,16311240,9060814,16429148,"[157928.8125, 634013.75, 211524.03125]",1220.34228515625,756.9767456054688
226,16348359,9081188,16465970,"[268222.8125, 377953.59375, 171567.546875]",1129.6334228515625,664.4342651367188
227,16376258,9101262,16496056,"[342150.34375, 402394.59375, 273601.3125]",1175.6007080078125,778.4413452148438
228,16420527,9118181,16538026,"[197780.125, 147653.75, 4475.4638671875]",1216.54736328125,818.7794189453125
229,16460046,9136510,16576588,"[242144.109375, 45516.12109375, 349336.0]",1223.9598388671875,806.2835693359375
230,16493902,9154561,16610573,"[223555.015625, 560677.3125, 58896.453125]",1177.782470703125,799.6697998046875
231,16529449,9173776,16647210,"[342692.0625, 506482.96875, 178104.25]",1097.501953125,728.6640625
232,16561645,9194449,16680418,"[575559.0, 176515.203125, 203642.203125]",1155.7080078125,746.074462890625
233,16596897,9213274,16716254,"[660339.875, 166124.65625, 157426.125]",1104.0826416015625,722.9711303710938
234,16634007,9230728,16754349,"[220983.359375, 399694.84375, 153940.921875]",1216.1656494140625,776.1082763671875
235,16665012,9250141,16785635,"[514597.90625, 550414.0, 560872.25]",1232.345947265625,787.2871704101562
236,16699050,9267843,16817020,"[481773.0625, 207501.515625, 525730.0]",1131.7418212890625,740.3936767578125
237,16731208,9286920,16847730,"[164992.328125, 474796.21875, 24677.44921875]",1206.1468505859375,813.5726928710938
238,16762704,9307480,16880993,"[491471.0625, 591331.25, 457398.9375]",1169.4619140625,746.8494262695312
239,16796850,9324353,16911236,"[614190.9375, 105164.3046875, 6181.48583984375]",1157.0155029296875,751.1342163085938
240,16831490,9343569,16945188,"[57947.38671875, 409465.96875, 417599.0]",1125.8966064453125,761.167724609375
241,16860243,9363162,16975040,"[489642.40625, 87162.1171875, 109012.4765625]",1158.3408203125,669.9830932617188
242,16892124,9382653,17006557,"[587174.4375, 328102.09375, 585736.3125]",955.0389404296875,598.4194946289062
243,16921354,9403245,17036025,"[439795.375, 596333.1875, 395415.375]",1070.0191650390625,711.349853515625
244,16951023,9423090,17067850,"[230250.0625, 236471.21875, 119878.2578125]",1016.0587768554688,661.7579345703125
245,16976876,9441498,17095216,"[257041.8125, 659351.0, 446974.1875]",1056.8260498046875,650.00439453125
246,17008669,9459291,17126266,"[353330.5, 76526.453125, 303125.25]",926.584228515625,589.0997314453125
247,17037164,9477768,17156613,"[64257.34765625, 42386.265625, 64288.20703125]",1203.3599853515625,811.9981079101562
248,17068674,9497005,17189218,"[59786.24609375, 451782.5625, 148945.78125]",936.7703857421875,575.9769897460938
249,17098902,9514925,17219613,"[238227.921875, 169358.09375, 164097.375]",1144.255126953125,785.6220092773438
250,17129688,9533792,17250404,"[308302.6875, 142976.15625, 564922.375]",717.813232421875,427.95721435546875
251,17164637,9550757,17286111,"[221162.21875, 90089.2890625, 553293.1875]",1178.051513671875,673.030517578125
252,17195160,9568140,17315946,"[477366.5625, 660059.9375, 94125.7578125]",1177.7991943359375,788.1089477539062
253,17222002,9583932,17342785,"[128037.765625, 92178.890625, 328194.875]",1021.8840942382812,684.8526611328125
254,17250499,9599716,17372873,"[535138.375, 104319.0859375, 291736.03125]",920.0299682617188,598.77392578125
255,17283893,9617963,17405255,"[283109.53125, 540905.625, 23937.33984375]",1168.8790283203125,779.9104614257812
256,17315353,9634243,17438078,"[271651.9375, 398853.40625, 638322.6875]",991.1624145507812,555.3112182617188
257,17352215,9652045,17472461,"[373528.4375, 358.33740234375, 68246.859375]",1105.47802734375,711.4480590820312
258,17382530,9668304,17502870,"[283662.71875, 97016.90625, 588875.1875]",1164.5322265625,753.6866455078125
259,17411815,9683023,17532302,"[280781.625, 542229.625, 419509.15625]",929.9793701171875,602.1224365234375
260,17440255,9697992,17560440,"[174026.234375, 333785.28125, 285695.46875]",1033.1685791015625,669.5686645507812
261,17469179,9715098,17590353,"[42522.8359375, 585270.0, 48680.41796875]",1059.1527099609375,695.8726806640625
262,17503683,9732473,17624280,"[169069.4375, 171994.765625, 455469.71875]",1114.5804443359375,708.9061279296875
263,17534833,9747430,17654726,"[312473.84375, 637927.0625, 551524.5]",1149.159423828125,751.536865234375
264,17560743,9764526,17681588,"[171461.546875, 191910.515625, 676730.4375]",1141.2598876953125,745.6598510742188
265,17589327,9779857,17709639,"[296120.96875, 241496.53125, 645086.8125]",1002.8936767578125,661.8497314453125
266,17613539,9794813,17734458,"[176796.296875, 412456.21875, 88740.7578125]",1062.562255859375,695.2867431640625
267,17645096,9811779,17766390,"[599915.0, 199125.53125, 130811.4296875]",1135.89990234375,756.2752685546875
268,17672515,9829506,17793804,"[120836.9609375, 502113.8125, 514760.75]",1044.4002685546875,680.495361328125
269,17704708,9845865,17825683,"[525932.5625, 233744.59375, 64949.42578125]",1149.03125,755.5494384765625
270,17735014,9861244,17855905,"[207669.734375, 86878.515625, 188867.09375]",872.7819213867188,560.7459106445312
271,17759338,9877110,17881352,"[291822.8125, 137452.046875, 124432.0078125]",1099.7943115234375,692.1654663085938
272,17784892,9890737,17906016,"[191392.359375, 194030.1875, 173638.953125]",980.4000854492188,620.6053466796875
273,17812828,9905087,17934428,"[571223.625, 117953.3203125, 187228.765625]",921.217041015625,581.2049560546875
274,17838922,9920668,17962328,"[156139.390625, 303042.90625, 397587.75]",1088.9447021484375,730.9247436523438
275,17869429,9936478,17992011,"[300046.4375, 660256.1875, 268431.84375]",1073.389404296875,658.0811767578125
276,17902774,9951764,18024336,"[462369.875, 43464.7265625, 87731.28125]",1062.4779052734375,704.2568359375
277,17927695,9966578,18049684,"[667868.25, 20104.7265625, 244563.140625]",1134.6258544921875,762.572998046875
278,17950429,9981667,18073230,"[50546.13671875, 592954.3125, 31838.185546875]",890.760009765625,571.1428833007812
279,17983895,9996903,18106194,"[147043.234375, 370939.03125, 498829.5]",1054.7779541015625,698.6699829101562
280,18007868,10010213,18131094,"[145054.46875, 234301.796875, 564252.25]",970.8499755859375,575.0065307617188
281,18031884,10024251,18156254,"[46733.625, 583881.0625, 185752.78125]",1089.6015625,731.4328002929688
282,18057470,10038051,18183347,"[593724.375, 79884.109375, 475560.78125]",1028.36962890625,693.7991333007812
283,18083780,10051055,18208887,"[432397.78125, 153940.40625, 85570.2734375]",1062.2568359375,704.6483154296875
284,18115595,10065116,18239915,"[427952.96875, 459446.96875, 552257.0625]",1012.221923828125,663.5845336914062
285,18143062,10080270,18268087,"[245324.5, 274311.46875, 394127.6875]",1068.51904296875,701.5196533203125
286,18168907,10093216,18295229,"[627904.0, 539087.1875, 185533.46875]",1099.991943359375,718.0042114257812
287,18193714,10107051,18320169,"[625712.8125, 37645.51953125, 274888.1875]",1050.7447509765625,714.8945922851562
288,18215742,10120430,18343660,"[285898.4375, 59712.125, 438295.34375]",1119.5440673828125,747.9773559570312
289,18235846,10133495,18364353,"[378390.0625, 431600.3125, 601059.75]",1033.354248046875,687.37744140625
290,18259461,10147460,18388939,"[161638.375, 372339.40625, 621722.875]",1044.8160400390625,631.0723876953125
291,18285440,10159508,18415392,"[546084.3125, 343281.3125, 522549.6875]",965.3536987304688,640.1336059570312
292,18305929,10172118,18436981,"[654583.125, 79238.640625, 101163.9296875]",1096.6025390625,732.494873046875
293,18326474,10183299,18457893,"[514608.875, 383514.71875, 647855.625]",1077.3724365234375,665.2037963867188
295,18373383,10209816,18504736,"[85560.0078125, 596864.4375, 128360.125]",991.4867553710938,640.0696411132812
296,18399944,10221905,18530638,"[416971.71875, 322790.96875, 7690.8115234375]",1012.5279541015625,652.4746704101562
297,18421126,10235288,18552867,"[582852.875, 174702.21875, 172655.453125]",1047.5281982421875,711.5790405273438
298,18445260,10246226,18577170,"[456595.125, 562940.0, 218438.859375]",1035.056396484375,697.1820678710938
299,18464818,10258332,18597852,"[327071.34375, 442569.59375, 588522.4375]",1055.1856689453125,664.4332885742188
300,18491313,10269176,18623644,"[330611.0, 553278.75, 74608.640625]",1051.2559814453125,676.2225341796875
301,18512862,10282207,18643727,"[452480.21875, 171507.890625, 14368.5947265625]",954.5298461914062,632.2501220703125
302,18539098,10294126,18668314,"[121169.5546875, 552354.5, 34645.1015625]",1062.27880859375,675.9147338867188
303,18558842,10306580,18686938,"[420762.75, 208591.640625, 395866.5625]",1016.703125,669.1830444335938
304,18579555,10318778,18707556,"[428950.0625, 631161.125, 120966.1875]",1040.209228515625,704.7265014648438
305,18602073,10329822,18731094,"[494032.28125, 271899.125, 211826.234375]",1024.19384765625,681.0938720703125
306,18624090,10341106,18753434,"[572250.6875, 291648.59375, 646117.25]",920.67578125,595.9824829101562
307,18643420,10353403,18773358,"[78353.5078125, 251363.625, 480493.09375]",900.9993896484375,600.9014282226562
308,18663609,10365092,18795153,"[19468.16015625, 145170.046875, 125843.8671875]",970.2833862304688,652.8192138671875
309,18685064,10375880,18817969,"[316975.125, 619164.5625, 210671.4375]",977.3038940429688,608.1709594726562
310,18706787,10387470,18838293,"[482702.25, 3404.9072265625, 456138.9375]",894.614013671875,542.7606201171875
311,18727320,10399563,18858658,"[87999.2265625, 271088.96875, 483334.875]",943.5782470703125,636.2070922851562
312,18750520,10412058,18881438,"[18680.693359375, 600610.625, 149507.828125]",969.1219482421875,632.9573364257812
313,18771334,10422422,18902620,"[660610.0, 437921.65625, 583721.5625]",1043.4412841796875,704.835693359375
314,18788090,10432495,18919853,"[133727.75, 61878.109375, 79255.828125]",971.2561645507812,653.068359375
315,18809506,10443841,18941658,"[282160.90625, 417652.5, 136078.5]",915.9851684570312,603.3344116210938
316,18827654,10455035,18959800,"[558778.0625, 322310.0, 152794.75]",921.5986938476562,609.6878051757812
317,18851017,10465855,18982678,"[138462.03125, 64105.88671875, 413295.65625]",944.8486328125,631.048583984375
318,18867961,10478614,19000255,"[129679.3828125, 513399.09375, 276879.0625]",1005.187255859375,625.8552856445312
319,18887856,10491075,19020053,"[459005.3125, 215667.28125, 432400.96875]",922.8528442382812,603.59716796875
320,18908963,10502683,19041827,"[125965.6875, 197595.984375, 328316.625]",999.63623046875,632.0682373046875
321,18929622,10515321,19062488,"[252442.765625, 258378.359375, 417699.0625]",993.2800903320312,652.6598510742188
322,18948062,10526489,19080772,"[10857.515625, 500287.125, 496371.21875]",947.0780029296875,624.341796875
323,18969218,10535850,19102735,"[348905.40625, 65006.1640625, 179766.5625]",970.1512451171875,617.0862426757812
324,18989886,10547763,19122871,"[640806.25, 327473.21875, 358303.15625]",962.4429931640625,611.9727783203125
325,19007993,10559720,19140881,"[229057.625, 171099.875, 513388.84375]",911.1398315429688,579.4642944335938
326,19030246,10570133,19164336,"[220594.328125, 361555.125, 496476.84375]",956.6110229492188,626.1275024414062
327,19048967,10581226,19183568,"[345700.78125, 610493.3125, 120196.5546875]",943.5455932617188,609.1788330078125
328,19063700,10591298,19198761,"[329839.28125, 354469.3125, 436721.59375]",968.7802124023438,627.5079345703125
329,19082221,10604131,19217660,"[470629.125, 76883.46875, 402965.21875]",940.5599975585938,630.351806640625
330,19102051,10614174,19236968,"[606311.5, 97487.765625, 440671.46875]",942.8870849609375,605.03564453125
331,19119113,10625632,19253707,"[330563.0625, 635610.5625, 447977.71875]",938.54296875,624.5859985351562
332,19136797,10633802,19271739,"[462481.21875, 150275.390625, 189025.015625]",886.3452758789062,544.0628051757812
333,19153100,10643118,19287458,"[279099.28125, 435996.875, 596629.4375]",939.3773803710938,605.2533569335938
334,19170433,10653853,19305688,"[286739.65625, 325323.9375, 392490.71875]",903.1503295898438,530.9857177734375
335,19184393,10662910,19320016,"[275615.28125, 583743.5, 174836.453125]",895.9666137695312,598.0054321289062
336,19211783,10672038,19343523,"[340168.625, 129517.8828125, 419403.5625]",937.6360473632812,620.2597045898438
337,19230547,10680542,19362456,"[320355.59375, 648953.75, 467167.3125]",908.4767456054688,602.6019897460938
338,19246529,10690782,19378464,"[517639.59375, 546031.75, 542644.5]",941.7509765625,614.0040283203125
339,19262770,10699915,19394890,"[468367.21875, 579273.5625, 591018.75]",915.0966186523438,587.1682739257812
340,19277552,10708898,19409956,"[479365.0, 593049.0625, 281629.15625]",883.802490234375,562.4216918945312
341,19296435,10717945,19428477,"[91857.9140625, 595421.5, 316468.25]",890.6725463867188,544.1439208984375
342,19313671,10728278,19444444,"[490467.96875, 239697.03125, 627887.75]",849.0916137695312,560.19677734375
343,19327357,10736624,19458997,"[222773.265625, 526665.875, 139636.203125]",821.121826171875,534.2186279296875
344,19340302,10745266,19472858,"[678287.375, 241809.859375, 288953.90625]",895.91455078125,594.54345703125
345,19357750,10753544,19490412,"[553818.125, 623974.75, 385914.65625]",879.290283203125,576.4511108398438
346,19372389,10761259,19505127,"[34303.1796875, 428825.875, 30552.3671875]",886.936279296875,594.770751953125
347,19389199,10769895,19521468,"[101369.6328125, 300485.25, 516773.625]",861.6250610351562,593.5687866210938
348,19402069,10778078,19534870,"[153311.34375, 450407.25, 421896.71875]",897.4136962890625,587.0671997070312
349,19416927,10786035,19549950,"[1775.57373046875, 501258.9375, 261172.640625]",852.5596313476562,491.25872802734375
350,19429412,10793805,19562710,"[331724.71875, 233354.546875, 194375.859375]",893.2076416015625,584.763427734375
351,19441351,10800275,19573459,"[433888.84375, 630942.75, 653331.375]",869.2281494140625,585.2891235351562
